POLY_0_0_17;-50;38;-48.4160797830995;-49.9912790990905;38.4575020936328;-47.762978534703;-49.9690989443483;38.860784661658;-47.0734600869372;-49.93934977815;39.2063883403171;-46.3524565978549;-49.9070095781796;39.4918777979632;-45.6059897600216;-49.8768381633804;39.7148889921317;-44.8405703671383;-49.8530379509041;39.8736927110123;-44.0628930037891;-49.837634469976;39.9685253563804;-43.280237825326;-49.8321595661992;39.9999999999999;-42.5;-49.837634469976;39.9685253563804;-41.7197621746739;-49.8530379509041;39.8736927110123;-40.9371069962109;-49.8768381633804;39.7148889921317;-40.1594296328617;-49.9070095781796;39.4918777979632;-39.3940102399783;-49.93934977815;39.2063883403171;-38.6475434021451;-49.9690989443483;38.860784661658;-37.9265399130628;-49.9912790990905;38.4575020936328;-37.237021465297;-50;38;-36.5839202169005
POLY_0_0_38;-38;50;107.5;-38.9415091487341;49.9630080047975;107.5;-39.8772135804827;49.8522600871416;107.5;-40.8013443662708;49.6684390447721;107.5;-41.7082039324993;49.4126781955418;107.5;-42.592201188381;49.0865543901354;107.5;-43.4478859968745;48.6920782902604;107.5;-44.2699827765914;48.2316819722491;107.5;-45.0534230275097;47.7082039324994;107.5;-45.7933765799622;47.1248715872004;107.5;-46.4852813742385;46.4852813742386;107.5;-47.1248715872003;45.7933765799622;107.5;-47.7082039324993;45.0534230275097;107.5;-48.2316819722491;44.2699827765914;107.5;-48.6920782902604;43.4478859968745;107.5;-49.0865543901354;42.5922011883811;107.5;-49.4126781955418;41.7082039324994;107.5;-49.6684390447721;40.8013443662709;107.5;-49.8522600871416;39.8772135804828;107.5;-49.9630080047975;38.9415091487341;107.5;-50;38;107.5
POLY_0_0_59;-50;38;-107.5;-49.9630080047975;38.9415091487341;-107.5;-49.8522600871416;39.8772135804828;-107.5;-49.6684390447721;40.8013443662709;-107.5;-49.4126781955418;41.7082039324994;-107.5;-49.0865543901354;42.5922011883811;-107.5;-48.6920782902604;43.4478859968745;-107.5;-48.2316819722491;44.2699827765914;-107.5;-47.7082039324993;45.0534230275097;-107.5;-47.1248715872003;45.7933765799622;-107.5;-46.4852813742385;46.4852813742386;-107.5;-45.7933765799622;47.1248715872004;-107.5;-45.0534230275097;47.7082039324994;-107.5;-44.2699827765914;48.2316819722491;-107.5;-43.4478859968745;48.6920782902604;-107.5;-42.5922011883811;49.0865543901354;-107.5;-41.7082039324993;49.4126781955418;-107.5;-40.8013443662708;49.6684390447721;-107.5;-39.8772135804827;49.8522600871417;-107.5;-38.9415091487341;49.9630080047975;-107.5;-38;50;-107.5
POLY_0_0_95;-50;-1.41229915425095;25.4036257493144;-50;-1.45174937949446;25.8419536516099;-50;-1.56883209252589;26.2661933344682;-50;-1.75978415861248;26.6627093854167;-50;-2.01846822123427;27.0187574523233;-50;-2.33656996177268;27.3228938573605;-50;-2.70386532855179;27.565343406226;-50;-3.10854914627172;27.7383135709312;-50;-3.53761454405596;27.8362449480621;-49.9999999999999;-3.97727100698356;27.8559899425795;-49.9999999999999;-4.41338761458548;27.7969139341133;-49.9999999999999;-4.83194722025546;27.6609156741837;-49.9999999999999;-5.21949697387527;27.4523662587644;-49.9999999999999;-5.56358070748658;27.177968637662;-49.9999999999999;-5.85313928677806;26.846542176194;-49.9999999999999;-6.07886606076171;26.4687391935306;-49.9999999999999;-6.23350598519308;26.0567025883917;-49.9999999999999;-6.31208880566279;25.6236755562915;-49.9999999999999;-6.31208880566279;25.1835759423374;-49.9999999999999;-6.23350598519308;24.7505489102372;-49.9999999999999;-6.07886606076171;24.3385123050983;-49.9999999999999;-5.85313928677806;23.9607093224348;-49.9999999999999;-5.56358070748658;23.6292828609668;-49.9999999999999;-5.21949697387527;23.3548852398645;-49.9999999999999;-4.83194722025546;23.1463358244452;-49.9999999999999;-4.41338761458548;23.0103375645156;-49.9999999999999;-3.97727100698356;22.9512615560494;-50;-3.53761454405596;22.9710065505668;-50;-3.10854914627172;23.0689379276977;-50;-2.70386532855179;23.2419080924029;-50;-2.33656996177268;23.4843576412684;-50;-2.01846822123427;23.7884940463055;-50;-1.75978415861248;24.1445421132122;-50;-1.56883209252589;24.5410581641607;-50;-1.45174937949446;24.965297847019;-50;-1.41229915425095;25.4036257493144
POLY_0_0_97;-49.9999999999999;-6.32197125388925;19.99101628314;-49.9999999999999;-6.32197125388925;14.790997443427;-49.9999999999999;-6.32197125388925;9.59097860371409
POLY_0_0_125;-49.9999999999999;-6.32197125388925;9.59097860371409;-50;-5.90945000497359;8.90480776118734;-50;-5.43169102337364;8.26235110004873;-50;-4.89329067169864;7.66978948531397;-50;-4.29942872330832;7.13282375810707;-50;-3.65581852941063;6.65661988973577;-50;-2.96865205278199;6.24575928157456;-50;-2.2445402969224;5.90419468890323;-50;-1.49044970375705;5.63521219274347;-50;-0.713635131781352;5.44139958555029;-50;0.078429940555381;5.3246214749087;-50;0.878125314737154;5.28600134475522;-50;1.67775738361426;5.32591074670692;-50;2.46963314907653;5.44396572548521;-50;3.24613423386741;5.63903051282367;-50;3.99979017549504;5.9092284543224;-50;4.72335029710406;6.2519600641251;-50;5.40985346386163;6.66392803372062;-50;6.05269505375465;7.14116895426768;-50;6.645690498494;7.67909144725267;-50;7.18313478321938;8.27252033663777;-50;7.65985733257793;8.91574643753378;-50;8.07127175513538;9.6025814823972;-50;8.41341996754512;10.3264176563245;-50;8.68301027397118;11.0802911686738;-50;8.87744903441514;11.8569492494132;-50;8.99486561727672;12.6489199256443;-50;9.03413039608745;13.448583907005
POLY_0_0_127;-50;9.03413039608746;13.448583907005;-50;9.03413039608745;23.1954672430508;-50;9.03413039608743;32.9423505790967
POLY_0_0_129;-50;9.03413039608743;32.9423505790967;-50;1.35607957109909;39.4184669679207;-49.9999999999999;-6.32197125388925;45.8945833567448
POLY_0_0_131;-49.9999999999999;-6.32197125388925;45.8945833567448;-49.9999999999999;-6.32197125388925;40.1138730412503;-49.9999999999999;-6.32197125388925;34.3331627257559
POLY_0_0_133;-49.9999999999999;-6.32197125388925;34.3331627257559;-50;-3.88421419108482E-02;29.0336047594614;-50;6.24428697006756;23.7340467931669
POLY_0_0_135;-50;6.24428697006756;23.7340467931669;-50;6.24428697006756;19.99101628314
POLY_0_0_161;-50;6.24428697006756;19.99101628314;-50;6.20587617956085;19.3804942509427;-50;6.0912495691525;18.7796005159014;-50;5.90221486896326;18.1978115311742;-50;5.641753269139;17.644302456594;-50;5.31397240470113;17.1278024609173;-50;4.92404157568865;16.6564570576182;-50;4.47811022420848;16.2376996452746;-50;3.98321095405992;15.8781342784329;-50;3.44714862237173;15.583431517722;-50;2.87837725234273;15.3582390017253;-50;2.28586670824583;15.2061081509435;-50;1.67896123531008;15.1294381597719;-50;1.06723209539143;15.1294381597719;-50;0.460326622455682;15.2061081509435;-50;-0.132183921641214;15.3582390017253;-50;-0.700955291670212;15.583431517722;-50;-1.23701762335841;15.8781342784329;-50;-1.73191689350696;16.2376996452746;-50;-2.17784824498715;16.6564570576182;-50;-2.56777907399962;17.1278024609173;-50;-2.89555993843749;17.644302456594;-50;-3.15602153826175;18.1978115311742;-50;-3.34505623845099;18.7796005159014;-50;-3.45968284885934;19.3804942509427;-50;-3.49809363936605;19.99101628314
POLY_0_0_163;-50;-3.49809363936603;19.99101628314;-49.9999999999999;-6.32197125388925;19.99101628314
POLY_0_0_219;-50;38;-36.5839202169005;-50;37.4334077791888;-35.9074926865502;-50;36.807982007375;-35.2850591138288;-50;36.1288450471164;-34.721717354583;-50;35.4015591663805;-34.2220812908509;-50;34.6320809824545;-33.7902430422422;-50;33.826712676054;-33.4297394506578;-50;32.9920503751991;-33.1435231128448;-50;32.1349301316017;-32.9339381980368;-50;31.262371932031;-32.8027012487376;-50;30.3815222032129;-32.7508871218935;-50;29.4995952811616;-32.7789201855995;-50;28.6238143243201;-32.8865708434392;-50;27.7613521544431;-33.0729574149256;-50;26.9192725097476;-33.3365533566415;-50;26.1044721914801;-33.6751997649358;-50;25.32362457773;-34.086123057778;-50;24.5831249671245;-34.5659576909514;-50;23.8890382000495;-35.1107737225355;-50;23.2470489863903;-35.7161089999187;-50;22.6624153466163;-36.3770057057239;-50;22.1399255475392;-37.0880509633271;-50;21.6838588854468;-37.8434211694032;-50;21.2979506378075;-38.6369296904056;-50;20.9853614705987;-39.4620775323365;-50;20.7486515518184;-40.3121065688115;-50;20.5897595831951;-41.1800548914705;-50;20.5099869218324;-42.0588138294043;-50;20.5099869218324;-42.9411861705957;-50;20.5897595831951;-43.8199451085295;-50;20.7486515518184;-44.6878934311885;-50;20.9853614705987;-45.5379224676635;-50;21.2979506378075;-46.3630703095944;-50;21.6838588854468;-47.1565788305968;-50;22.1399255475392;-47.9119490366729;-50;22.6624153466163;-48.622994294276;-50;23.2470489863903;-49.2838910000812;-50;23.8890382000495;-49.8892262774645;-50;24.5831249671245;-50.4340423090486;-50;25.3236245777299;-50.913876942222;-50;26.1044721914801;-51.3248002350642;-50;26.9192725097476;-51.6634466433585;-50;27.7613521544431;-51.9270425850743;-50;28.6238143243201;-52.1134291565608;-50;29.4995952811616;-52.2210798144005;-50;30.3815222032129;-52.2491128781065;-50;31.262371932031;-52.1972987512624;-50;32.1349301316017;-52.0660618019632;-50;32.9920503751991;-51.8564768871552;-50;33.826712676054;-51.5702605493422;-50;34.6320809824545;-51.2097569577578;-50;35.4015591663805;-50.7779187091491;-50;36.1288450471164;-50.278282645417;-50;36.807982007375;-49.7149408861712;-50;37.4334077791888;-49.0925073134498;-50;38;-48.4160797830995
POLY_0_0_221;-49.9999999999999;-38;-107.5;-50;-1.4210854715202E-14;-107.5;-50;38;-107.5
POLY_0_0_223;-50;38;107.5;-50;-1.4210854715202E-14;107.5;-49.9999999999999;-38;107.5
POLY_0_0_244;-37.9999999999999;-50;-107.5;-38.9415091487341;-49.9630080047976;-107.5;-39.8772135804827;-49.8522600871417;-107.5;-40.8013443662708;-49.6684390447721;-107.5;-41.7082039324993;-49.4126781955419;-107.5;-42.592201188381;-49.0865543901355;-107.5;-43.4478859968745;-48.6920782902604;-107.5;-44.2699827765913;-48.2316819722491;-107.5;-45.0534230275096;-47.7082039324994;-107.5;-45.7933765799621;-47.1248715872004;-107.5;-46.4852813742385;-46.4852813742386;-107.5;-47.1248715872003;-45.7933765799622;-107.5;-47.7082039324993;-45.0534230275097;-107.5;-48.231681972249;-44.2699827765914;-107.5;-48.6920782902603;-43.4478859968746;-107.5;-49.0865543901354;-42.5922011883811;-107.5;-49.4126781955418;-41.7082039324994;-107.5;-49.6684390447721;-40.8013443662709;-107.5;-49.8522600871416;-39.8772135804828;-107.5;-49.9630080047975;-38.9415091487342;-107.5;-49.9999999999999;-38;-107.5
POLY_0_0_265;-49.9999999999999;-38;107.5;-49.9630080047975;-38.9415091487342;107.5;-49.8522600871416;-39.8772135804828;107.5;-49.6684390447721;-40.8013443662709;107.5;-49.4126781955418;-41.7082039324994;107.5;-49.0865543901354;-42.5922011883811;107.5;-48.6920782902603;-43.4478859968746;107.5;-48.231681972249;-44.2699827765914;107.5;-47.7082039324993;-45.0534230275097;107.5;-47.1248715872003;-45.7933765799622;107.5;-46.4852813742385;-46.4852813742386;107.5;-45.7933765799621;-47.1248715872004;107.5;-45.0534230275096;-47.7082039324994;107.5;-44.2699827765913;-48.2316819722491;107.5;-43.4478859968745;-48.6920782902604;107.5;-42.592201188381;-49.0865543901355;107.5;-41.7082039324993;-49.4126781955419;107.5;-40.8013443662708;-49.6684390447721;107.5;-39.8772135804827;-49.8522600871417;107.5;-38.9415091487341;-49.9630080047976;107.5;-37.9999999999999;-50;107.5
POLY_0_0_279;20;-50;-102.5;20.0364556295098;-50;-103.102683401277;20.1452909128698;-50;-103.696578321438;20.324918786573;-50;-104.273024435213;20.572719871734;-50;-104.823615860219;20.8850806705318;-50;-105.340323733656;21.2574462591445;-50;-105.815613291204;21.6843867087961;-50;-106.242553740856;22.1596762663443;-50;-106.614919329468;22.6763841397812;-50;-106.927280128266;23.2269755647874;-50;-107.175081213427;23.8034216785623;-50;-107.35470908713;24.3973165987234;-50;-107.46354437049;25;-50;-107.5
POLY_0_0_281;38.0000000000001;-50;-107.5;31.5000000000001;-50;-107.5;25;-50;-107.5
POLY_0_0_283;-37.9999999999999;-50;107.5;7.8159700933611E-14;-50;107.5;38.0000000000001;-50;107.5
POLY_0_0_285;-25;-50;-107.5;-31.4999999999999;-50;-107.5;-37.9999999999999;-50;-107.5
POLY_0_0_299;-25;-50;-107.5;-24.3973165987234;-50;-107.46354437049;-23.8034216785622;-50;-107.35470908713;-23.2269755647873;-50;-107.175081213427;-22.6763841397811;-50;-106.927280128266;-22.1596762663442;-50;-106.614919329468;-21.684386708796;-50;-106.242553740855;-21.2574462591445;-50;-105.815613291204;-20.8850806705317;-50;-105.340323733656;-20.5727198717339;-50;-104.823615860219;-20.3249187865729;-50;-104.273024435213;-20.1452909128697;-50;-103.696578321438;-20.0364556295097;-50;-103.102683401277;-20;-50;-102.5
POLY_0_0_301;-20;-50;-102.5;-20;-50;-67.5;-20;-50;-32.5
POLY_0_0_315;-20;-50;-32.5;-19.9635443704902;-50;-31.8973165987234;-19.8547090871302;-50;-31.3034216785622;-19.675081213427;-50;-30.7269755647873;-19.427280128266;-50;-30.1763841397812;-19.1149193294682;-50;-29.6596762663442;-18.7425537408555;-50;-29.184386708796;-18.3156132912039;-50;-28.7574462591445;-17.8403237336557;-50;-28.3850806705317;-17.3236158602188;-50;-28.072719871734;-16.7730244352126;-50;-27.8249187865729;-16.1965783214378;-50;-27.6452909128698;-15.6026834012766;-50;-27.5364556295097;-15;-50;-27.5
POLY_0_0_317;-15;-50;-27.5;4.2632564145606E-14;-50;-27.5;15;-50;-27.5
POLY_0_0_331;15;-50;-27.5;15.6026834012767;-50;-27.5364556295097;16.1965783214378;-50;-27.6452909128697;16.7730244352127;-50;-27.8249187865729;17.3236158602189;-50;-28.072719871734;17.8403237336558;-50;-28.3850806705317;18.315613291204;-50;-28.7574462591445;18.7425537408555;-50;-29.184386708796;19.1149193294683;-50;-29.6596762663442;19.4272801282661;-50;-30.1763841397812;19.6750812134271;-50;-30.7269755647873;19.8547090871303;-50;-31.3034216785622;19.9635443704903;-50;-31.8973165987234;20;-50;-32.5
POLY_0_0_333;20;-50;-32.5;20;-50;-67.5;20;-50;-102.5
POLY_0_0_354;50.0000000000001;-38;-107.5;49.9630080047976;-38.9415091487341;-107.5;49.8522600871417;-39.8772135804828;-107.5;49.6684390447722;-40.8013443662709;-107.5;49.4126781955419;-41.7082039324994;-107.5;49.0865543901355;-42.5922011883811;-107.5;48.6920782902605;-43.4478859968746;-107.5;48.2316819722492;-44.2699827765914;-107.5;47.7082039324995;-45.0534230275097;-107.5;47.1248715872005;-45.7933765799622;-107.5;46.4852813742387;-46.4852813742386;-107.5;45.7933765799623;-47.1248715872004;-107.5;45.0534230275098;-47.7082039324994;-107.5;44.2699827765915;-48.2316819722491;-107.5;43.4478859968746;-48.6920782902604;-107.5;42.5922011883812;-49.0865543901355;-107.5;41.7082039324995;-49.4126781955419;-107.5;40.801344366271;-49.6684390447721;-107.5;39.8772135804829;-49.8522600871417;-107.5;38.9415091487342;-49.9630080047976;-107.5;38.0000000000001;-50;-107.5
POLY_0_0_375;38.0000000000001;-50;107.5;38.9415091487342;-49.9630080047975;107.5;39.8772135804829;-49.8522600871417;107.5;40.801344366271;-49.6684390447721;107.5;41.7082039324995;-49.4126781955419;107.5;42.5922011883812;-49.0865543901354;107.5;43.4478859968746;-48.6920782902604;107.5;44.2699827765915;-48.2316819722491;107.5;45.0534230275098;-47.7082039324994;107.5;45.7933765799623;-47.1248715872004;107.5;46.4852813742387;-46.4852813742386;107.5;47.1248715872005;-45.7933765799622;107.5;47.7082039324995;-45.0534230275097;107.5;48.2316819722492;-44.2699827765914;107.5;48.6920782902605;-43.4478859968746;107.5;49.0865543901355;-42.5922011883811;107.5;49.4126781955419;-41.7082039324994;107.5;49.6684390447722;-40.8013443662709;107.5;49.8522600871417;-39.8772135804828;107.5;49.9630080047976;-38.9415091487341;107.5;50.0000000000001;-38;107.5
POLY_0_0_411;50.0000000000001;-6.3219712538892;25.4036257493144;50.0000000000001;-6.28252102864569;25.8419536516099;50.0000000000001;-6.16543831561425;26.2661933344682;50.0000000000001;-5.97448624952766;26.6627093854167;50.0000000000001;-5.71580218690587;27.0187574523233;50.0000000000001;-5.39770044636747;27.3228938573605;50.0000000000001;-5.03040507958835;27.565343406226;50.0000000000001;-4.62572126186843;27.7383135709312;50.0000000000001;-4.19665586408419;27.8362449480621;50.0000000000001;-3.75699940115658;27.8559899425795;50.0000000000001;-3.32088279355466;27.7969139341133;50.0000000000001;-2.90232318788468;27.6609156741837;50.0000000000001;-2.51477343426487;27.4523662587644;50.0000000000001;-2.17068970065357;27.177968637662;50.0000000000001;-1.88113112136209;26.846542176194;50.0000000000001;-1.65540434737844;26.4687391935306;50.0000000000001;-1.50076442294706;26.0567025883917;50.0000000000001;-1.42218160247735;25.6236755562915;50.0000000000001;-1.42218160247735;25.1835759423374;50.0000000000001;-1.50076442294706;24.7505489102372;50.0000000000001;-1.65540434737844;24.3385123050983;50.0000000000001;-1.88113112136209;23.9607093224348;50.0000000000001;-2.17068970065357;23.6292828609668;50.0000000000001;-2.51477343426487;23.3548852398645;50.0000000000001;-2.90232318788468;23.1463358244452;50.0000000000001;-3.32088279355466;23.0103375645156;50.0000000000001;-3.75699940115658;22.9512615560494;50.0000000000001;-4.19665586408419;22.9710065505668;50.0000000000001;-4.62572126186843;23.0689379276977;50.0000000000001;-5.03040507958835;23.2419080924029;50.0000000000001;-5.39770044636747;23.4843576412684;50.0000000000001;-5.71580218690587;23.7884940463055;50.0000000000001;-5.97448624952766;24.1445421132122;50.0000000000001;-6.16543831561425;24.5410581641607;50.0000000000001;-6.28252102864569;24.965297847019;50.0000000000001;-6.3219712538892;25.4036257493144
POLY_0_0_413;50.0000000000001;-6.3219712538892;9.59097860371409;50.0000000000001;-6.3219712538892;14.790997443427;50.0000000000001;-6.3219712538892;19.99101628314
POLY_0_0_415;50.0000000000001;-6.3219712538892;19.99101628314;50.0000000000001;-3.49809363936598;19.99101628314
POLY_0_0_441;50.0000000000001;-3.49809363936598;19.99101628314;50.0000000000001;-3.45968284885927;19.3804942509427;50.0000000000001;-3.34505623845092;18.7796005159014;50.0000000000001;-3.1560215382617;18.1978115311742;50.0000000000001;-2.89555993843742;17.644302456594;50.0000000000001;-2.56777907399955;17.1278024609174;50.0000000000001;-2.17784824498708;16.6564570576182;50.0000000000001;-1.73191689350691;16.2376996452746;50.0000000000001;-1.23701762335835;15.8781342784329;50.0000000000001;-0.700955291670155;15.583431517722;50.0000000000001;-0.132183921641158;15.3582390017253;50.0000000000001;0.460326622455739;15.2061081509435;50.0000000000001;1.06723209539149;15.129438159772;50.0000000000001;1.67896123531013;15.129438159772;50.0000000000001;2.28586670824588;15.2061081509435;50.0000000000001;2.87837725234278;15.3582390017253;50.0000000000001;3.44714862237178;15.583431517722;50.0000000000001;3.98321095405997;15.8781342784329;50.0000000000001;4.47811022420853;16.2376996452746;50.0000000000001;4.9240415756887;16.6564570576182;50.0000000000001;5.31397240470118;17.1278024609173;50.0000000000001;5.64175326913904;17.644302456594;50.0000000000001;5.90221486896331;18.1978115311742;50.0000000000001;6.09124956915255;18.7796005159014;50.0000000000001;6.2058761795609;19.3804942509427;50.0000000000001;6.24428697006761;19.99101628314
POLY_0_0_443;50.0000000000001;6.24428697006761;19.99101628314;50.0000000000001;6.24428697006761;23.7340467931669
POLY_0_0_445;50.0000000000001;6.24428697006761;23.7340467931669;50.0000000000001;-3.88421419107985E-02;29.0336047594614;50.0000000000001;-6.3219712538892;34.3331627257559
POLY_0_0_447;50.0000000000001;-6.3219712538892;34.3331627257559;50.0000000000001;-6.3219712538892;40.1138730412503;50.0000000000001;-6.3219712538892;45.8945833567448
POLY_0_0_449;50.0000000000001;-6.3219712538892;45.8945833567448;50.0000000000001;1.35607957109914;39.4184669679207;50.0000000000001;9.03413039608749;32.9423505790967
POLY_0_0_451;50.0000000000001;9.03413039608749;32.9423505790967;50.0000000000001;9.0341303960875;23.1954672430508;50.0000000000001;9.03413039608751;13.448583907005
POLY_0_0_479;50.0000000000001;9.03413039608751;13.448583907005;50.0000000000001;8.99486561727679;12.6489199256443;50.0000000000001;8.8774490344152;11.8569492494132;50.0000000000001;8.68301027397123;11.0802911686738;50.0000000000001;8.41341996754518;10.3264176563244;50.0000000000001;8.07127175513543;9.60258148239718;50.0000000000001;7.65985733257799;8.91574643753378;50.0000000000001;7.18313478321944;8.27252033663777;50.0000000000001;6.64569049849405;7.67909144725267;50.0000000000001;6.0526950537547;7.14116895426768;50.0000000000001;5.40985346386168;6.66392803372061;50.0000000000001;4.72335029710412;6.2519600641251;50.0000000000001;3.9997901754951;5.9092284543224;50.0000000000001;3.24613423386746;5.63903051282367;50.0000000000001;2.46963314907658;5.4439657254852;50.0000000000001;1.6777573836143;5.32591074670691;50.0000000000001;0.878125314737211;5.28600134475522;50.0000000000001;7.84299405554307E-02;5.3246214749087;50.0000000000001;-0.713635131781302;5.44139958555029;50.0000000000001;-1.490449703757;5.63521219274347;50.0000000000001;-2.24454029692235;5.90419468890323;50.0000000000001;-2.96865205278195;6.24575928157458;50.0000000000001;-3.65581852941057;6.65661988973579;50.0000000000001;-4.29942872330827;7.13282375810707;50.0000000000001;-4.8932906716986;7.669789485314;50.0000000000001;-5.43169102337359;8.26235110004873;50.0000000000001;-5.90945000497354;8.90480776118736;50.0000000000001;-6.3219712538892;9.59097860371412
POLY_0_0_535;50;38;-48.4160797830996;50;37.4334077791888;-49.0925073134498;50;36.8079820073751;-49.7149408861712;50;36.1288450471164;-50.278282645417;50;35.4015591663805;-50.7779187091491;50;34.6320809824545;-51.2097569577578;50;33.8267126760541;-51.5702605493422;50;32.9920503751992;-51.8564768871552;50;32.1349301316018;-52.0660618019632;50;31.262371932031;-52.1972987512624;50;30.3815222032129;-52.2491128781065;50;29.4995952811617;-52.2210798144005;50;28.6238143243202;-52.1134291565608;50;27.7613521544431;-51.9270425850743;50;26.9192725097477;-51.6634466433584;50;26.1044721914801;-51.3248002350641;50;25.32362457773;-50.9138769422219;50;24.5831249671245;-50.4340423090485;50;23.8890382000496;-49.8892262774645;50;23.2470489863903;-49.2838910000812;50;22.6624153466164;-48.622994294276;50;22.1399255475393;-47.9119490366729;50;21.6838588854469;-47.1565788305968;50;21.2979506378076;-46.3630703095944;50;20.9853614705988;-45.5379224676635;50;20.7486515518185;-44.6878934311885;50;20.5897595831952;-43.8199451085295;50;20.5099869218325;-42.9411861705957;50;20.5099869218325;-42.0588138294043;50;20.5897595831952;-41.1800548914705;50;20.7486515518185;-40.3121065688115;50;20.9853614705988;-39.4620775323365;50;21.2979506378076;-38.6369296904056;50;21.6838588854469;-37.8434211694032;50;22.1399255475393;-37.0880509633271;50;22.6624153466164;-36.377005705724;50;23.2470489863904;-35.7161089999188;50;23.8890382000496;-35.1107737225355;50;24.5831249671245;-34.5659576909514;50;25.32362457773;-34.0861230577781;50;26.1044721914801;-33.6751997649358;50;26.9192725097477;-33.3365533566415;50;27.7613521544431;-33.0729574149257;50;28.6238143243202;-32.8865708434392;50;29.4995952811617;-32.7789201855995;50;30.3815222032129;-32.7508871218935;50;31.262371932031;-32.8027012487376;50;32.1349301316018;-32.9339381980368;50;32.9920503751992;-33.1435231128448;50;33.8267126760541;-33.4297394506578;50;34.6320809824545;-33.7902430422422;50;35.4015591663805;-34.2220812908509;50;36.1288450471164;-34.721717354583;50;36.8079820073751;-35.2850591138288;50;37.4334077791888;-35.9074926865502;50;38;-36.5839202169004
POLY_0_0_537;50.0000000000001;-38;107.5;50.0000000000001;1.4210854715202E-14;107.5;50;38;107.5
POLY_0_0_539;50;38;-107.5;50.0000000000001;1.4210854715202E-14;-107.5;50.0000000000001;-38;-107.5
POLY_0_0_556;50;38;-36.5839202169004;49.9912790990906;38.4575020936329;-37.237021465297;49.9690989443484;38.8607846616581;-37.9265399130627;49.9393497781501;39.2063883403172;-38.647543402145;49.9070095781797;39.4918777979633;-39.3940102399783;49.8768381633804;39.7148889921318;-40.1594296328617;49.8530379509042;39.8736927110124;-40.9371069962108;49.8376344699761;39.9685253563805;-41.7197621746739;49.8321595661993;40;-42.5;49.837634469976;39.9685253563805;-43.2802378253261;49.8530379509042;39.8736927110124;-44.0628930037891;49.8768381633804;39.7148889921318;-44.8405703671383;49.9070095781797;39.4918777979633;-45.6059897600216;49.9393497781501;39.2063883403172;-46.3524565978549;49.9690989443484;38.8607846616581;-47.0734600869372;49.9912790990906;38.4575020936329;-47.762978534703;50;38;-48.4160797830996
POLY_0_0_577;38;50;-107.5;38.9415091487342;49.9630080047975;-107.5;39.8772135804828;49.8522600871417;-107.5;40.8013443662709;49.6684390447721;-107.5;41.7082039324994;49.4126781955419;-107.5;42.5922011883811;49.0865543901355;-107.5;43.4478859968746;48.6920782902604;-107.5;44.2699827765914;48.2316819722491;-107.5;45.0534230275097;47.7082039324994;-107.5;45.7933765799623;47.1248715872004;-107.5;46.4852813742386;46.4852813742386;-107.5;47.1248715872004;45.7933765799622;-107.5;47.7082039324994;45.0534230275097;-107.5;48.2316819722492;44.2699827765914;-107.5;48.6920782902605;43.4478859968746;-107.5;49.0865543901355;42.5922011883811;-107.5;49.4126781955419;41.7082039324994;-107.5;49.6684390447722;40.8013443662709;-107.5;49.8522600871417;39.8772135804828;-107.5;49.9630080047976;38.9415091487342;-107.5;50;38;-107.5
POLY_0_0_598;50;38;107.5;49.9630080047976;38.9415091487342;107.5;49.8522600871417;39.8772135804828;107.5;49.6684390447722;40.8013443662709;107.5;49.4126781955419;41.7082039324994;107.5;49.0865543901355;42.5922011883811;107.5;48.6920782902605;43.4478859968746;107.5;48.2316819722492;44.2699827765914;107.5;47.7082039324994;45.0534230275097;107.5;47.1248715872004;45.7933765799622;107.5;46.4852813742386;46.4852813742386;107.5;45.7933765799622;47.1248715872004;107.5;45.0534230275097;47.7082039324994;107.5;44.2699827765914;48.2316819722491;107.5;43.4478859968746;48.6920782902604;107.5;42.5922011883811;49.0865543901354;107.5;41.7082039324994;49.4126781955419;107.5;40.8013443662709;49.6684390447721;107.5;39.8772135804828;49.8522600871417;107.5;38.9415091487342;49.9630080047975;107.5;38;50;107.5
POLY_0_0_612;33.5;50;-107.5;32.8973165987234;50;-107.46354437049;32.3034216785622;50;-107.35470908713;31.7269755647873;50;-107.175081213427;31.1763841397812;50;-106.927280128266;30.6596762663442;50;-106.614919329468;30.184386708796;50;-106.242553740856;29.7574462591445;50;-105.815613291204;29.3850806705317;50;-105.340323733656;29.072719871734;50;-104.823615860219;28.824918786573;50;-104.273024435213;28.6452909128698;50;-103.696578321438;28.5364556295098;50;-103.102683401277;28.5;50;-102.5
POLY_0_0_614;28.5;50;-102.5;28.5;50;-43;28.5;50;16.5
POLY_0_0_628;28.5;50;16.5;28.4635443704903;50;17.1026834012766;28.3547090871303;50;17.6965783214378;28.1750812134271;50;18.2730244352127;27.9272801282661;50;18.8236158602189;27.6149193294683;50;19.3403237336558;27.2425537408555;50;19.815613291204;26.815613291204;50;20.2425537408555;26.3403237336558;50;20.6149193294683;25.8236158602189;50;20.927280128266;25.2730244352127;50;21.1750812134271;24.6965783214378;50;21.3547090871303;24.1026834012767;50;21.4635443704903;23.5;50;21.5
POLY_0_0_630;23.5;50;21.5;4.2632564145606E-14;50;21.5;-23.5;50;21.5
POLY_0_0_644;-23.5;50;21.5;-24.1026834012766;50;21.4635443704902;-24.6965783214377;50;21.3547090871302;-25.2730244352126;50;21.1750812134271;-25.8236158602188;50;20.927280128266;-26.3403237336557;50;20.6149193294683;-26.8156132912039;50;20.2425537408555;-27.2425537408555;50;19.815613291204;-27.6149193294682;50;19.3403237336558;-27.927280128266;50;18.8236158602189;-28.175081213427;50;18.2730244352127;-28.3547090871302;50;17.6965783214378;-28.4635443704902;50;17.1026834012766;-28.4999999999999;50;16.5
POLY_0_0_646;-28.5;50;16.5;-28.5;50;-43;-28.5;50;-102.5
POLY_0_0_660;-28.5;50;-102.5;-28.5364556295097;50;-103.102683401277;-28.6452909128697;50;-103.696578321438;-28.8249187865729;50;-104.273024435213;-29.0727198717339;50;-104.823615860219;-29.3850806705317;50;-105.340323733656;-29.7574462591445;50;-105.815613291204;-30.184386708796;50;-106.242553740855;-30.6596762663442;50;-106.614919329468;-31.1763841397811;50;-106.927280128266;-31.7269755647873;50;-107.175081213427;-32.3034216785622;50;-107.35470908713;-32.8973165987234;50;-107.46354437049;-33.5;50;-107.5
POLY_0_0_662;-38;50;-107.5;-33.5;50;-107.5
POLY_0_0_664;38;50;107.5;4.2632564145606E-14;50;107.5;-38;50;107.5
POLY_0_0_666;33.5;50;-107.5;38;50;-107.5
