POLY_0_0_17;40;-72,5;1191,72585446231;39,9638854500415;-73,2351285524717;1191,63559202578;39,8558896030242;-73,9631774151209;1191,54619886587;39,6770525179916;-74,6771350794084;1191,45853588755;39,4290964938346;-75,3701257427381;1191,37344733325;39,1144094826127;-76,035475526195;1191,29175265224;38,7360220922691;-76,666776747647;1191,21423860897;38,2975784002205;-77,2579496312273;1191,14165170604;37,8033008588991;-77,8033008588991;1191,07469099501;37,2579496312273;-78,2975784002205;1191,01400134413;36,666776747647;-78,7360220922691;1190,96016722793;36,035475526195;-79,1144094826126;1190,91370709835;35,3701257427382;-79,4290964938346;1190,87506839186;34,6771350794085;-79,6770525179915;1190,84462322031;33,963177415121;-79,8558896030242;1190,82266478735;33,2351285524717;-79,9638854500414;1190,80940456469;32,5;-80;1190,80497025553
POLY_0_0_34;40;-72,5;-1210,4505;39,9638854500415;-73,2351285524717;-1210,4505;39,8558896030242;-73,9631774151209;-1210,4505;39,6770525179916;-74,6771350794084;-1210,4505;39,4290964938346;-75,3701257427381;-1210,4505;39,1144094826127;-76,035475526195;-1210,4505;38,7360220922691;-76,666776747647;-1210,4505;38,2975784002205;-77,2579496312273;-1210,4505;37,8033008588991;-77,8033008588991;-1210,4505;37,2579496312273;-78,2975784002205;-1210,4505;36,666776747647;-78,7360220922691;-1210,4505;36,035475526195;-79,1144094826126;-1210,4505;35,3701257427382;-79,4290964938346;-1210,4505;34,6771350794085;-79,6770525179915;-1210,4505;33,963177415121;-79,8558896030242;-1210,4505;33,2351285524717;-79,9638854500415;-1210,4505;32,5;-80;-1210,4505
POLY_0_0_36;30,0000000000063;-80;1190,80497025553;30,0000000000065;-80;1130,35438072801;30,0000000000068;-80;1069,90379120048
POLY_0_0_38;30,0000000000068;-80;1069,90379120048;6,80344669490296E-12;-80;1069,90379120048;-29,9999999999932;-80;1069,90379120048
POLY_0_0_40;-29,9999999999932;-80;1069,90379120048;-29,9999999999935;-80;1130,35438072801;-29,9999999999937;-80;1190,80497025553
POLY_0_0_42;-29,9999999999937;-80;1190,80497025553;-32,5;-80;1190,80497025553
POLY_0_0_44;32,5;-80;-1210,4505;0;-80;-1210,4505;-32,5;-80;-1210,4505
POLY_0_0_46;32,5;-80;1190,80497025553;30,0000000000063;-80;1190,80497025553
POLY_0_0_63;-32,5;-80;1190,80497025553;-33,2351285524717;-79,9638854500415;1190,80940456469;-33,963177415121;-79,8558896030242;1190,82266478735;-34,6771350794085;-79,6770525179916;1190,84462322031;-35,3701257427382;-79,4290964938347;1190,87506839186;-36,035475526195;-79,1144094826127;1190,91370709835;-36,666776747647;-78,7360220922691;1190,96016722793;-37,2579496312273;-78,2975784002205;1191,01400134413;-37,8033008588991;-77,8033008588991;1191,07469099501;-38,2975784002205;-77,2579496312274;1191,14165170604;-38,7360220922691;-76,666776747647;1191,21423860897;-39,1144094826127;-76,035475526195;1191,29175265224;-39,4290964938347;-75,3701257427382;1191,37344733325;-39,6770525179916;-74,6771350794085;1191,45853588755;-39,8558896030242;-73,963177415121;1191,54619886587;-39,9638854500415;-73,2351285524717;1191,63559202578;-40;-72,5;1191,72585446231
POLY_0_0_80;-32,5;-80;-1210,4505;-33,2351285524717;-79,9638854500415;-1210,4505;-33,963177415121;-79,8558896030242;-1210,4505;-34,6771350794085;-79,6770525179916;-1210,4505;-35,3701257427382;-79,4290964938346;-1210,4505;-36,035475526195;-79,1144094826127;-1210,4505;-36,666776747647;-78,7360220922691;-1210,4505;-37,2579496312273;-78,2975784002205;-1210,4505;-37,8033008588991;-77,8033008588991;-1210,4505;-38,2975784002205;-77,2579496312273;-1210,4505;-38,7360220922691;-76,666776747647;-1210,4505;-39,1144094826127;-76,035475526195;-1210,4505;-39,4290964938346;-75,3701257427382;-1210,4505;-39,6770525179916;-74,6771350794085;-1210,4505;-39,8558896030242;-73,963177415121;-1210,4505;-39,9638854500415;-73,2351285524717;-1210,4505;-40;-72,5;-1210,4505
POLY_0_0_114;-40;55,9997096138173;807,669495116621;-40;55,1917332457318;807,631006458493;-40;54,3910740367539;807,515889043354;-40;53,6049828806652;807,325185392344;-40;52,8405787407046;807,060622547258;-40;52,1047841791344;806,724596430188;-40;51,4042626654448;806,320150145686;-40;50,7453582309423;805,850946421935;-40;50,1340380162195;805,321234440514;-40;49,5758382318062;804,735811355156;-40;49,0758140213896;804,099978847976;-40;48,6384936816497;803,419495116621;-40;48,267837653304;802,700522727137;-40;47,9672026547428;801,949572804819;-40;47,7393112830674;801,173446068452;-40;47,5862273578295;800,379171241944;-40;47,5093372307619;799,573941401123;-40;47,5093372307619;798,765048832119;-40;47,5862273578296;797,959818991298;-40;47,7393112830674;797,165544164791;-40;47,9672026547428;796,389417428423;-40;48,2678376533041;795,638467506105;-40;48,6384936816498;794,919495116621;-40;49,0758140213897;794,239011385266;-40;49,5758382318063;793,603178878087;-40;50,1340380162196;793,017755792728;-40;50,7453582309424;792,488043811308;-40;51,4042626654449;792,018840087556;-40;52,1047841791345;791,614393803055;-40;52,8405787407047;791,278367685985;-40;53,6049828806653;791,013804840898;-40;54,391074036754;790,823101189888;-40;55,1917332457319;790,70798377475;-40;55,9997096138175;790,669495116621
POLY_0_0_116;-40;55,9997096138173;790,669495116621;-40;58,9997096138174;790,669495116621
POLY_0_0_150;-40;58,9997096138174;790,669495116621;-40;59,8076859819029;790,707983774749;-40;60,6083451908809;790,823101189887;-40;61,3944363469696;791,013804840897;-40;62,1588404869302;791,278367685984;-40;62,8946350485004;791,614393803054;-40;63,59515656219;792,018840087556;-40;64,2540609966925;792,488043811307;-40;64,8653812114153;793,017755792728;-40;65,4235809958285;793,603178878086;-40;65,9236052062452;794,239011385266;-40;66,360925545985;794,919495116621;-40;66,7315815743307;795,638467506105;-40;67,0322165728919;796,389417428423;-40;67,2601079445673;797,165544164791;-40;67,4131918698051;797,959818991298;-40;67,4900819968727;798,765048832119;-40;67,4900819968726;799,573941401123;-40;67,4131918698049;800,379171241944;-40;67,2601079445671;801,173446068452;-40;67,0322165728916;801,949572804819;-40;66,7315815743302;802,700522727137;-40;66,3609255459845;803,419495116621;-40;65,9236052062446;804,099978847976;-40;65,4235809958279;804,735811355156;-40;64,8653812114146;805,321234440514;-40;64,2540609966917;805,850946421935;-40;63,5951565621891;806,320150145686;-40;62,8946350484995;806,724596430188;-40;62,1588404869293;807,060622547258;-40;61,3944363469686;807,325185392344;-40;60,6083451908799;807,515889043354;-40;59,8076859819019;807,631006458492;-40;58,9997096138164;807,669495116621
POLY_0_0_152;-40;58,9997096138174;807,669495116621;-40;55,9997096138173;807,669495116621
POLY_0_0_186;-40;-56,0002903861724;990,669495116624;-40;-55,1923140180869;990,707983774753;-40;-54,3916548091089;990,823101189891;-40;-53,6055636530203;991,013804840901;-40;-52,8411595130597;991,278367685988;-40;-52,1053649514895;991,614393803057;-40;-51,4048434377999;992,018840087559;-40;-50,7459390032973;992,48804381131;-40;-50,1346187885745;993,017755792731;-40;-49,5764190041613;993,603178878089;-40;-49,0763947937447;994,239011385269;-40;-48,6390744540048;994,919495116624;-40;-48,2684184256592;995,638467506108;-40;-47,9677834270979;996,389417428426;-40;-47,7398920554225;997,165544164794;-40;-47,5868081301847;997,959818991301;-40;-47,5099180031171;998,765048832122;-40;-47,5099180031171;999,573941401126;-40;-47,5868081301848;1000,37917124195;-40;-47,7398920554226;1001,17344606845;-40;-47,9677834270981;1001,94957280482;-40;-48,2684184256593;1002,70052272714;-40;-48,639074454005;1003,41949511662;-40;-49,0763947937449;1004,09997884798;-40;-49,5764190041616;1004,73581135516;-40;-50,1346187885749;1005,32123444052;-40;-50,7459390032977;1005,85094642194;-40;-51,4048434378003;1006,32015014569;-40;-52,1053649514898;1006,72459643019;-40;-52,84115951306;1007,06062254726;-40;-53,6055636530207;1007,32518539235;-40;-54,3916548091094;1007,51588904336;-40;-55,1923140180873;1007,63100645849;-40;-56,0002903861728;1007,66949511662
POLY_0_0_188;-40;-56,0002903861724;1007,66949511662;-40;-59,0002903861724;1007,66949511662
POLY_0_0_222;-40;-59,0002903861724;1007,66949511662;-40;-59,808266754258;1007,6310064585;-40;-60,6089259632359;1007,51588904336;-40;-61,3950171193246;1007,32518539235;-40;-62,1594212592853;1007,06062254726;-40;-62,8952158208555;1006,72459643019;-40;-63,5957373345451;1006,32015014569;-40;-64,2546417690477;1005,85094642194;-40;-64,8659619837705;1005,32123444052;-40;-65,4241617681837;1004,73581135516;-40;-65,9241859786004;1004,09997884798;-40;-66,3615063183402;1003,41949511662;-40;-66,7321623466859;1002,70052272714;-40;-67,0327973452471;1001,94957280482;-40;-67,2606887169226;1001,17344606845;-40;-67,4137726421604;1000,37917124195;-40;-67,490662769228;999,573941401125;-40;-67,490662769228;998,765048832122;-40;-67,4137726421603;997,959818991301;-40;-67,2606887169225;997,165544164794;-40;-67,032797345247;996,389417428426;-40;-66,7321623466857;995,638467506108;-40;-66,36150631834;994,919495116624;-40;-65,9241859786001;994,239011385268;-40;-65,4241617681834;993,603178878089;-40;-64,8659619837701;993,01775579273;-40;-64,2546417690473;992,48804381131;-40;-63,5957373345447;992,018840087559;-40;-62,8952158208551;991,614393803057;-40;-62,1594212592848;991,278367685987;-40;-61,3950171193242;991,013804840901;-40;-60,6089259632355;990,823101189891;-40;-59,8082667542575;990,707983774752;-40;-59,000290386172;990,669495116624
POLY_0_0_224;-40;-59,0002903861724;990,669495116624;-40;-56,0002903861724;990,669495116624
POLY_0_0_290;-40;-49,0002903862156;1095,33537923869;-40;-49,0399714911156;1096,15574756646;-40;-49,1586443140306;1096,96845633619;-40;-49,3552008387877;1097,76591750508;-40;-49,6278058700745;1098,54068539304;-40;-49,9739141681633;1099,28552620106;-40;-50,3902942131287;1099,9934855512;-40;-50,8730583766782;1100,65795341776;-40;-51,4176992198906;1101,2727258433;-40;-52,0191315779582;1101,83206286333;-40;-52,6717400390008;1102,33074209878;-40;-53,3694313736535;1102,76410751601;-40;-54,1056914259072;1103,12811289888;-40;-54,8736459340286;1103,4193596272;-40;-55,6661247136893;1103,63512840874;-40;-56,4757286040454;1103,77340466852;-40;-57,2948985517085;1103,83289735837;-40;-58,1159861875906;1103,81305101106;-40;-58,9313252376654;1103,71405092661;-40;-59,7333031009036;1103,53682144211;-40;-60,5144319260772;1103,28301730151;-40;-61,2674185238092;1102,9550082057;-40;-61,9852324611177;1102,55585668722;-40;-62,6611717026746;1102,08928951625;-40;-63,2889251859034;1101,55966290477;-40;-63,86263174567;1100,97192183373;-40;-64,3769348384026;1100,33155388317;-40;-64,827032554696;1099,6445379961;-40;-65,2087224534452;1098,91728865475;-40;-65,5184407989064;1098,15659599028;-40;-65,753295834337;1097,36956238513;-40;-65,9110947815495;1096,56353616003;-40;-65,9903643142904;1095,74604296465;-40;-65,9903643142904;1094,92471551272;-40;-65,9110947815495;1094,10722231735;-40;-65,753295834337;1093,30119609224;-40;-65,5184407989064;1092,51416248709;-40;-65,2087224534452;1091,75346982262;-40;-64,827032554696;1091,02622048127;-40;-64,3769348384026;1090,3392045942;-40;-63,86263174567;1089,69883664364;-40;-63,2889251859034;1089,11109557261;-40;-62,6611717026747;1088,58146896112;-40;-61,9852324611177;1088,11490179015;-40;-61,2674185238092;1087,71575027167;-40;-60,5144319260772;1087,38774117586;-40;-59,7333031009036;1087,13393703527;-40;-58,9313252376654;1086,95670755077;-40;-58,1159861875906;1086,85770746631;-40;-57,2948985517085;1086,83786111901;-40;-56,4757286040454;1086,89735380885;-40;-55,6661247136893;1087,03563006864;-40;-54,8736459340286;1087,25139885018;-40;-54,1056914259072;1087,5426455785;-40;-53,3694313736535;1087,90665096136;-40;-52,6717400390008;1088,34001637859;-40;-52,0191315779582;1088,83869561405;-40;-51,4176992198906;1089,39803263407;-40;-50,8730583766782;1090,01280505961;-40;-50,3902942131287;1090,67727292617;-40;-49,9739141681633;1091,38523227632;-40;-49,6278058700745;1092,13007308434;-40;-49,3552008387877;1092,9048409723;-40;-49,1586443140306;1093,70230214118;-40;-49,0399714911156;1094,51501091091;-40;-49,0002903862156;1095,33537923869
POLY_0_0_356;-40;65,9997096137861;1185,01884065195;-40;65,9600285088861;1185,83920897972;-40;65,8413556859711;1186,65191774945;-40;65,644799161214;1187,44937891833;-40;65,3721941299272;1188,2241468063;-40;65,0260858318384;1188,96898761432;-40;64,609705786873;1189,67694696446;-40;64,1269416233235;1190,34141483102;-40;63,5823007801111;1190,95618725656;-40;62,9808684220435;1191,51552427658;-40;62,3282599610009;1192,01420351204;-40;61,6305686263482;1192,44756892927;-40;60,8943085740945;1192,81157431214;-40;60,1263540659731;1193,10282104045;-40;59,3338752863125;1193,31858982199;-40;58,5242713959563;1193,45686608178;-40;57,7051014482932;1193,51635877163;-40;56,8840138124111;1193,49651242432;-40;56,0686747623363;1193,39751233986;-40;55,2666968990981;1193,22028285537;-40;54,4855680739246;1192,96647871477;-40;53,7325814761926;1192,63846961896;-40;53,014767538884;1192,23931810048;-40;52,3388282973271;1191,77275092951;-40;51,7110748140984;1191,24312431803;-40;51,1373682543318;1190,65538324699;-40;50,6230651615991;1190,01501529643;-40;50,1729674453057;1189,32799940936;-40;49,7912775465565;1188,60075006801;-40;49,4815592010953;1187,84005740354;-40;49,2467041656647;1187,05302379839;-40;49,0889052184522;1186,24699757328;-40;49,0096356857113;1185,42950437791;-40;49,0096356857113;1184,60817692598;-40;49,0889052184522;1183,79068373061;-40;49,2467041656647;1182,9846575055;-40;49,4815592010953;1182,19762390035;-40;49,7912775465565;1181,43693123588;-40;50,1729674453057;1180,70968189453;-40;50,6230651615991;1180,02266600746;-40;51,1373682543317;1179,3822980569;-40;51,7110748140983;1178,79455698586;-40;52,3388282973271;1178,26493037438;-40;53,014767538884;1177,79836320341;-40;53,7325814761926;1177,39921168493;-40;54,4855680739246;1177,07120258912;-40;55,2666968990981;1176,81739844853;-40;56,0686747623363;1176,64016896403;-40;56,8840138124111;1176,54116887957;-40;57,7051014482932;1176,52132253226;-40;58,5242713959563;1176,58081522211;-40;59,3338752863124;1176,7190914819;-40;60,1263540659731;1176,93486026344;-40;60,8943085740945;1177,22610699175;-40;61,6305686263482;1177,59011237462;-40;62,3282599610009;1178,02347779185;-40;62,9808684220435;1178,52215702731;-40;63,5823007801111;1179,08149404733;-40;64,1269416233235;1179,69626647287;-40;64,609705786873;1180,36073433943;-40;65,0260858318384;1181,06869368957;-40;65,3721941299272;1181,81353449759;-40;65,644799161214;1182,58830238556;-40;65,8413556859711;1183,38576355444;-40;65,9600285088861;1184,19847232417;-40;65,9997096137861;1185,01884065195
POLY_0_0_390;-40;65,9997096138215;1000,66949511662;-40;65,9612209556927;1001,47747148471;-40;65,8461035405545;1002,27813069368;-40;65,6553998895447;1003,06422184977;-40;65,3908370444581;1003,82862598973;-40;65,0548109273884;1004,5644205513;-40;64,6503646428865;1005,26494206499;-40;64,1811609191352;1005,9238464995;-40;63,6514489377146;1006,53516671422;-40;63,0660258523564;1007,09336649863;-40;62,4301933451767;1007,59339070905;-40;61,7497096138215;1008,03071104879;-40;61,0307372243375;1008,40136707713;-40;60,2797873020196;1008,70200207569;-40;59,5036605656516;1008,92989344737;-40;58,7093857391444;1009,08297737261;-40;57,9041558983233;1009,15986749968;-40;57,0952633293197;1009,15986749968;-40;56,2900334884986;1009,08297737261;-40;55,4957586619914;1008,92989344737;-40;54,7196319256234;1008,70200207569;-40;53,9686820033055;1008,40136707713;-40;53,2497096138215;1008,03071104879;-40;52,5692258824663;1007,59339070905;-40;51,9333933752866;1007,09336649863;-40;51,3479702899284;1006,53516671422;-40;50,8182583085078;1005,9238464995;-40;50,3490545847565;1005,26494206499;-40;49,9446083002547;1004,5644205513;-40;49,6085821831849;1003,82862598973;-40;49,3440193380983;1003,06422184977;-40;49,1533156870885;1002,27813069368;-40;49,0381982719503;1001,47747148471;-40;48,9997096138215;1000,66949511662
POLY_0_0_392;-40;48,9997096138215;1000,66949511662;-40;48,9997096138215;997,66949511662
POLY_0_0_426;-40;48,9997096138215;997,66949511662;-40;49,0381982719503;996,861518748534;-40;49,1533156870885;996,060859539556;-40;49,3440193380983;995,274768383467;-40;49,6085821831849;994,510364243507;-40;49,9446083002546;993,774569681937;-40;50,3490545847564;993,074048168247;-40;50,8182583085078;992,415143733745;-40;51,3479702899284;991,803823519022;-40;51,9333933752866;991,245623734609;-40;52,5692258824663;990,745599524192;-40;53,2497096138215;990,308279184452;-40;53,9686820033055;989,937623156106;-40;54,7196319256234;989,636988157545;-40;55,4957586619914;989,409096785869;-40;56,2900334884986;989,256012860632;-40;57,0952633293197;989,179122733564;-40;57,9041558983233;989,179122733564;-40;58,7093857391444;989,256012860632;-40;59,5036605656516;989,409096785869;-40;60,2797873020196;989,636988157545;-40;61,0307372243375;989,937623156106;-40;61,7497096138215;990,308279184452;-40;62,4301933451766;990,745599524192;-40;63,0660258523564;991,245623734609;-40;63,6514489377146;991,803823519022;-40;64,1811609191352;992,415143733745;-40;64,6503646428865;993,074048168247;-40;65,0548109273883;993,774569681937;-40;65,3908370444581;994,510364243507;-40;65,6553998895447;995,274768383467;-40;65,8461035405545;996,060859539556;-40;65,9612209556927;996,861518748534;-40;65,9997096138215;997,66949511662
POLY_0_0_428;-40;65,9997096138215;997,66949511662;-40;65,9997096138215;1000,66949511662
POLY_0_0_462;-40;-49,0002903861781;800,669495116623;-40;-49,0387790443069;801,477471484709;-40;-49,1538964594451;802,278130693687;-40;-49,3446001104549;803,064221849775;-40;-49,6091629555415;803,828625989736;-40;-49,9451890726112;804,564420551306;-40;-50,349635357113;805,264942064996;-40;-50,8188390808644;805,923846499498;-40;-51,348551062285;806,535166714221;-40;-51,9339741476432;807,093366498634;-40;-52,5698066548229;807,593390709051;-40;-53,2502903861781;808,030711048791;-40;-53,969262775662;808,401367077136;-40;-54,72021269798;808,702002075698;-40;-55,496339434348;808,929893447373;-40;-56,2906142608552;809,082977372611;-40;-57,0958441016763;809,159867499679;-40;-57,9047366706799;809,159867499679;-40;-58,709966511501;809,082977372611;-40;-59,5042413380082;808,929893447373;-40;-60,2803680743762;808,702002075698;-40;-61,0313179966941;808,401367077136;-40;-61,7502903861781;808,030711048791;-40;-62,4307741175333;807,593390709051;-40;-63,066606624713;807,093366498634;-40;-63,6520297100712;806,535166714221;-40;-64,1817416914918;805,923846499498;-40;-64,6509454152431;805,264942064996;-40;-65,0553916997449;804,564420551306;-40;-65,3914178168147;803,828625989736;-40;-65,6559806619013;803,064221849775;-40;-65,8466843129111;802,278130693687;-40;-65,9618017280493;801,477471484709;-40;-66,0002903861781;800,669495116623
POLY_0_0_464;-40;-66,0002903861781;800,669495116623;-40;-66,0002903861781;797,669495116624
POLY_0_0_498;-40;-66,0002903861781;797,669495116624;-40;-65,9618017280493;796,861518748538;-40;-65,8466843129111;796,06085953956;-40;-65,6559806619013;795,274768383471;-40;-65,3914178168147;794,510364243511;-40;-65,0553916997449;793,774569681941;-40;-64,6509454152431;793,074048168251;-40;-64,1817416914918;792,415143733748;-40;-63,6520297100712;791,803823519026;-40;-63,066606624713;791,245623734612;-40;-62,4307741175333;790,745599524196;-40;-61,7502903861781;790,308279184456;-40;-61,0313179966941;789,93762315611;-40;-60,2803680743762;789,636988157549;-40;-59,5042413380082;789,409096785873;-40;-58,709966511501;789,256012860636;-40;-57,9047366706799;789,179122733568;-40;-57,0958441016763;789,179122733568;-40;-56,2906142608552;789,256012860636;-40;-55,496339434348;789,409096785873;-40;-54,72021269798;789,636988157549;-40;-53,969262775662;789,93762315611;-40;-53,2502903861781;790,308279184456;-40;-52,5698066548229;790,745599524196;-40;-51,9339741476432;791,245623734612;-40;-51,348551062285;791,803823519026;-40;-50,8188390808644;792,415143733748;-40;-50,349635357113;793,074048168251;-40;-49,9451890726112;793,774569681941;-40;-49,6091629555415;794,510364243511;-40;-49,3446001104548;795,274768383471;-40;-49,1538964594451;796,06085953956;-40;-49,0387790443069;796,861518748538;-40;-49,0002903861781;797,669495116624
POLY_0_0_500;-40;-49,0002903861781;797,669495116624;-40;-49,0002903861781;800,669495116623
POLY_0_0_502;-40;-43,5;-875,4505;-40;-40,5;-875,4505
POLY_0_0_537;-40;-40,5;-875,4505;-40;-39,6695847648303;-875,412107586655;-40;-38,8462543396508;-875,297257897155;-40;-38,0370330893512;-875,106930788555;-40;-37,2488250043156;-874,842750064639;-40;-36,4883547980111;-874,506969622195;-40;-35,7621105341038;-874,102454221566;-40;-35,0762882725867;-873,632655045522;-40;-34,436739207181;-873,101580254986;-40;-33,8489197450141;-872,513760792819;-40;-33,3178449544778;-871,874211727413;-40;-32,8480457784335;-871,188389465896;-40;-32,4435303778044;-870,462145201989;-40;-32,1077499353608;-869,701674995684;-40;-31,8435692114446;-868,913466910649;-40;-31,6532421028449;-868,104245660349;-40;-31,5383924133447;-867,28091523517;-40;-31,5;-866,4505;-40;-31,5383924133447;-865,62008476483;-40;-31,6532421028449;-864,796754339651;-40;-31,8435692114446;-863,987533089351;-40;-32,1077499353608;-863,199325004315;-40;-32,4435303778044;-862,438854798011;-40;-32,8480457784335;-861,712610534104;-40;-33,3178449544778;-861,026788272587;-40;-33,8489197450141;-860,387239207181;-40;-34,436739207181;-859,799419745014;-40;-35,0762882725867;-859,268344954478;-40;-35,7621105341038;-858,798545778433;-40;-36,4883547980111;-858,394030377804;-40;-37,2488250043156;-858,058249935361;-40;-38,0370330893512;-857,794069211445;-40;-38,8462543396508;-857,603742102845;-40;-39,6695847648303;-857,488892413345;-40;-40,5;-857,4505
POLY_0_0_539;-40;-40,5;-857,4505;-40;-43,5;-857,4505
POLY_0_0_574;-40;-43,5;-857,4505;-40;-44,3304152351697;-857,488892413345;-40;-45,1537456603491;-857,603742102845;-40;-45,9629669106487;-857,794069211445;-40;-46,7511749956844;-858,058249935361;-40;-47,5116452019888;-858,394030377804;-40;-48,2378894658962;-858,798545778433;-40;-48,9237117274133;-859,268344954478;-40;-49,563260792819;-859,799419745014;-40;-50,1510802549859;-860,387239207181;-40;-50,6821550455221;-861,026788272587;-40;-51,1519542215665;-861,712610534104;-40;-51,5564696221955;-862,438854798011;-40;-51,8922500646392;-863,199325004315;-40;-52,1564307885553;-863,987533089351;-40;-52,3467578971551;-864,796754339651;-40;-52,4616075866553;-865,62008476483;-40;-52,5;-866,4505;-40;-52,4616075866553;-867,28091523517;-40;-52,3467578971551;-868,104245660349;-40;-52,1564307885553;-868,913466910649;-40;-51,8922500646392;-869,701674995684;-40;-51,5564696221955;-870,462145201989;-40;-51,1519542215665;-871,188389465896;-40;-50,6821550455221;-871,874211727413;-40;-50,1510802549859;-872,513760792819;-40;-49,563260792819;-873,101580254986;-40;-48,9237117274133;-873,632655045522;-40;-48,2378894658962;-874,102454221566;-40;-47,5116452019888;-874,506969622195;-40;-46,7511749956844;-874,842750064639;-40;-45,9629669106487;-875,106930788555;-40;-45,1537456603491;-875,297257897155;-40;-44,3304152351697;-875,412107586655;-40;-43,5;-875,4505
POLY_0_0_609;-40;43,5;-1075,4505;-40;44,3304152351697;-1075,41210758666;-40;45,1537456603491;-1075,29725789716;-40;45,9629669106488;-1075,10693078856;-40;46,7511749956844;-1074,84275006464;-40;47,5116452019889;-1074,5069696222;-40;48,2378894658962;-1074,10245422157;-40;48,9237117274133;-1073,63265504552;-40;49,563260792819;-1073,10158025499;-40;50,1510802549859;-1072,51376079282;-40;50,6821550455222;-1071,87421172741;-40;51,1519542215665;-1071,1883894659;-40;51,5564696221956;-1070,46214520199;-40;51,8922500646392;-1069,70167499568;-40;52,1564307885554;-1068,91346691065;-40;52,3467578971551;-1068,10424566035;-40;52,4616075866553;-1067,28091523517;-40;52,5;-1066,4505;-40;52,4616075866553;-1065,62008476483;-40;52,3467578971551;-1064,79675433965;-40;52,1564307885554;-1063,98753308935;-40;51,8922500646392;-1063,19932500432;-40;51,5564696221956;-1062,43885479801;-40;51,1519542215665;-1061,7126105341;-40;50,6821550455222;-1061,02678827259;-40;50,1510802549859;-1060,38723920718;-40;49,563260792819;-1059,79941974501;-40;48,9237117274133;-1059,26834495448;-40;48,2378894658962;-1058,79854577843;-40;47,5116452019888;-1058,3940303778;-40;46,7511749956844;-1058,05824993536;-40;45,9629669106487;-1057,79406921144;-40;45,1537456603491;-1057,60374210284;-40;44,3304152351697;-1057,48889241334;-40;43,5;-1057,4505
POLY_0_0_611;-40;43,5;-1057,4505;-40;40,5;-1057,4505
POLY_0_0_646;-40;40,5;-1057,4505;-40;39,6695847648303;-1057,48889241334;-40;38,8462543396509;-1057,60374210284;-40;38,0370330893513;-1057,79406921144;-40;37,2488250043156;-1058,05824993536;-40;36,4883547980112;-1058,3940303778;-40;35,7621105341038;-1058,79854577843;-40;35,0762882725867;-1059,26834495448;-40;34,436739207181;-1059,79941974501;-40;33,8489197450141;-1060,38723920718;-40;33,3178449544778;-1061,02678827259;-40;32,8480457784335;-1061,7126105341;-40;32,4435303778044;-1062,43885479801;-40;32,1077499353608;-1063,19932500432;-40;31,8435692114446;-1063,98753308935;-40;31,6532421028449;-1064,79675433965;-40;31,5383924133447;-1065,62008476483;-40;31,5;-1066,4505;-40;31,5383924133447;-1067,28091523517;-40;31,6532421028449;-1068,10424566035;-40;31,8435692114446;-1068,91346691065;-40;32,1077499353608;-1069,70167499568;-40;32,4435303778045;-1070,46214520199;-40;32,8480457784335;-1071,1883894659;-40;33,3178449544779;-1071,87421172741;-40;33,8489197450141;-1072,51376079282;-40;34,436739207181;-1073,10158025499;-40;35,0762882725867;-1073,63265504552;-40;35,7621105341038;-1074,10245422157;-40;36,4883547980112;-1074,5069696222;-40;37,2488250043157;-1074,84275006464;-40;38,0370330893513;-1075,10693078856;-40;38,8462543396509;-1075,29725789716;-40;39,6695847648303;-1075,41210758666;-40;40,5;-1075,4505
POLY_0_0_648;-40;40,5;-1075,4505;-40;43,5;-1075,4505
POLY_0_0_650;-40;-33;-1067,9505;-40;-33;-1064,9505
POLY_0_0_685;-40;-33;-1064,9505;-40;-33,0383924133447;-1064,12008476483;-40;-33,1532421028448;-1063,29675433965;-40;-33,3435692114446;-1062,48753308935;-40;-33,6077499353608;-1061,69932500432;-40;-33,9435303778044;-1060,93885479801;-40;-34,3480457784334;-1060,2126105341;-40;-34,8178449544778;-1059,52678827259;-40;-35,348919745014;-1058,88723920718;-40;-35,9367392071809;-1058,29941974501;-40;-36,5762882725866;-1057,76834495448;-40;-37,2621105341037;-1057,29854577843;-40;-37,9883547980111;-1056,8940303778;-40;-38,7488250043155;-1056,55824993536;-40;-39,5370330893512;-1056,29406921144;-40;-40,3462543396508;-1056,10374210284;-40;-41,1695847648302;-1055,98889241334;-40;-41,9999999999999;-1055,9505;-40;-42,8304152351696;-1055,98889241334;-40;-43,6537456603491;-1056,10374210284;-40;-44,4629669106487;-1056,29406921144;-40;-45,2511749956843;-1056,55824993536;-40;-46,0116452019888;-1056,8940303778;-40;-46,7378894658961;-1057,29854577843;-40;-47,4237117274132;-1057,76834495448;-40;-48,063260792819;-1058,29941974501;-40;-48,6510802549859;-1058,88723920718;-40;-49,1821550455221;-1059,52678827259;-40;-49,6519542215665;-1060,2126105341;-40;-50,0564696221955;-1060,93885479801;-40;-50,3922500646391;-1061,69932500432;-40;-50,6564307885553;-1062,48753308935;-40;-50,8467578971551;-1063,29675433965;-40;-50,9616075866553;-1064,12008476483;-40;-51;-1064,9505
POLY_0_0_687;-40;-51;-1064,9505;-40;-51;-1067,9505
POLY_0_0_722;-40;-51;-1067,9505;-40;-50,9616075866553;-1068,78091523517;-40;-50,8467578971551;-1069,60424566035;-40;-50,6564307885554;-1070,41346691065;-40;-50,3922500646392;-1071,20167499568;-40;-50,0564696221956;-1071,96214520199;-40;-49,6519542215665;-1072,6883894659;-40;-49,1821550455222;-1073,37421172741;-40;-48,6510802549859;-1074,01376079282;-40;-48,063260792819;-1074,60158025499;-40;-47,4237117274133;-1075,13265504552;-40;-46,7378894658962;-1075,60245422157;-40;-46,0116452019889;-1076,0069696222;-40;-45,2511749956844;-1076,34275006464;-40;-44,4629669106488;-1076,60693078856;-40;-43,6537456603492;-1076,79725789716;-40;-42,8304152351698;-1076,91210758666;-40;-42;-1076,9505;-40;-41,1695847648303;-1076,91210758666;-40;-40,3462543396509;-1076,79725789716;-40;-39,5370330893513;-1076,60693078856;-40;-38,7488250043157;-1076,34275006464;-40;-37,9883547980112;-1076,0069696222;-40;-37,2621105341038;-1075,60245422157;-40;-36,5762882725867;-1075,13265504552;-40;-35,936739207181;-1074,60158025499;-40;-35,3489197450141;-1074,01376079282;-40;-34,8178449544779;-1073,37421172741;-40;-34,3480457784335;-1072,6883894659;-40;-33,9435303778045;-1071,96214520199;-40;-33,6077499353608;-1071,20167499568;-40;-33,3435692114446;-1070,41346691065;-40;-33,1532421028449;-1069,60424566035;-40;-33,0383924133447;-1068,78091523517;-40;-33;-1067,9505
POLY_0_0_757;-40;33;-867,9505;-40;33,0383924133447;-868,78091523517;-40;33,1532421028449;-869,604245660349;-40;33,3435692114446;-870,413466910649;-40;33,6077499353608;-871,201674995684;-40;33,9435303778044;-871,962145201989;-40;34,3480457784335;-872,688389465896;-40;34,8178449544778;-873,374211727413;-40;35,3489197450141;-874,013760792819;-40;35,936739207181;-874,601580254986;-40;36,5762882725867;-875,132655045522;-40;37,2621105341038;-875,602454221566;-40;37,9883547980112;-876,006969622195;-40;38,7488250043156;-876,342750064639;-40;39,5370330893513;-876,606930788555;-40;40,3462543396509;-876,797257897155;-40;41,1695847648303;-876,912107586655;-40;42;-876,9505;-40;42,8304152351697;-876,912107586655;-40;43,6537456603491;-876,797257897155;-40;44,4629669106487;-876,606930788555;-40;45,2511749956844;-876,342750064639;-40;46,0116452019888;-876,006969622195;-40;46,7378894658962;-875,602454221566;-40;47,4237117274133;-875,132655045522;-40;48,063260792819;-874,601580254986;-40;48,6510802549859;-874,013760792819;-40;49,1821550455222;-873,374211727413;-40;49,6519542215665;-872,688389465896;-40;50,0564696221956;-871,962145201989;-40;50,3922500646392;-871,201674995684;-40;50,6564307885554;-870,413466910649;-40;50,8467578971551;-869,604245660349;-40;50,9616075866553;-868,78091523517;-40;51;-867,9505
POLY_0_0_759;-40;51;-867,9505;-40;51;-864,9505
POLY_0_0_794;-40;51;-864,9505;-40;50,9616075866553;-864,12008476483;-40;50,8467578971551;-863,296754339651;-40;50,6564307885554;-862,487533089351;-40;50,3922500646392;-861,699325004316;-40;50,0564696221956;-860,938854798011;-40;49,6519542215665;-860,212610534104;-40;49,1821550455222;-859,526788272587;-40;48,6510802549859;-858,887239207181;-40;48,063260792819;-858,299419745014;-40;47,4237117274133;-857,768344954478;-40;46,7378894658962;-857,298545778433;-40;46,0116452019889;-856,894030377804;-40;45,2511749956844;-856,558249935361;-40;44,4629669106488;-856,294069211445;-40;43,6537456603491;-856,103742102845;-40;42,8304152351697;-855,988892413345;-40;42;-855,9505;-40;41,1695847648303;-855,988892413345;-40;40,3462543396509;-856,103742102845;-40;39,5370330893513;-856,294069211445;-40;38,7488250043156;-856,558249935361;-40;37,9883547980112;-856,894030377804;-40;37,2621105341038;-857,298545778433;-40;36,5762882725867;-857,768344954478;-40;35,936739207181;-858,299419745014;-40;35,3489197450141;-858,887239207181;-40;34,8178449544779;-859,526788272587;-40;34,3480457784335;-860,212610534104;-40;33,9435303778045;-860,938854798011;-40;33,6077499353608;-861,699325004316;-40;33,3435692114446;-862,487533089351;-40;33,1532421028449;-863,296754339651;-40;33,0383924133447;-864,12008476483;-40;33;-864,9505
POLY_0_0_796;-40;33;-864,9505;-40;33;-867,9505
POLY_0_0_798;-40;-72,5;1191,72585446231;-40;-8,88178419700125E-15;1200,62773512777;-40;72,5;1209,52961579323
POLY_0_0_800;-40;-72,5;-1210,4505;-40;-8,88178419700125E-15;-1210,4505;-40;72,5;-1210,4505
POLY_0_0_817;-40;72,5;1209,52961579323;-39,9638854500415;73,2351285524717;1209,61987822975;-39,8558896030242;73,963177415121;1209,70927138967;-39,6770525179916;74,6771350794085;1209,79693436798;-39,4290964938347;75,3701257427382;1209,88202292229;-39,1144094826127;76,035475526195;1209,96371760329;-38,7360220922691;76,666776747647;1210,04123164657;-38,2975784002205;77,2579496312273;1210,1138185495;-37,8033008588991;77,8033008588991;1210,18077926052;-37,2579496312274;78,2975784002205;1210,2414689114;-36,666776747647;78,7360220922691;1210,29530302761;-36,035475526195;79,1144094826127;1210,34176315718;-35,3701257427382;79,4290964938346;1210,38040186368;-34,6771350794085;79,6770525179916;1210,41084703523;-33,963177415121;79,8558896030242;1210,43280546819;-33,2351285524717;79,9638854500415;1210,44606569084;-32,5;80;1210,4505
POLY_0_0_834;-40;72,5;-1210,4505;-39,9638854500415;73,2351285524717;-1210,4505;-39,8558896030242;73,963177415121;-1210,4505;-39,6770525179916;74,6771350794085;-1210,4505;-39,4290964938347;75,3701257427382;-1210,4505;-39,1144094826127;76,035475526195;-1210,4505;-38,7360220922691;76,666776747647;-1210,4505;-38,2975784002205;77,2579496312273;-1210,4505;-37,8033008588991;77,8033008588991;-1210,4505;-37,2579496312274;78,2975784002205;-1210,4505;-36,666776747647;78,7360220922691;-1210,4505;-36,035475526195;79,1144094826127;-1210,4505;-35,3701257427382;79,4290964938346;-1210,4505;-34,6771350794085;79,6770525179916;-1210,4505;-33,963177415121;79,8558896030242;-1210,4505;-33,2351285524717;79,9638854500415;-1210,4505;-32,5;80;-1210,4505
POLY_0_0_836;30,0000000000068;80;1089,54932094495;30,0000000000065;80;1149,99991047247;30,0000000000063;80;1210,4505
POLY_0_0_838;30,0000000000063;80;1210,4505;32,5;80;1210,4505
POLY_0_0_840;-32,5;80;-1210,4505;-1,33226762955019E-14;80;-1210,4505;32,5;80;-1210,4505
POLY_0_0_842;-32,5;80;1210,4505;-29,9999999999937;80;1210,4505
POLY_0_0_844;-29,9999999999937;80;1210,4505;-29,9999999999935;80;1149,99991047247;-29,9999999999932;80;1089,54932094495
POLY_0_0_846;-29,9999999999932;80;1089,54932094495;6,79900580280446E-12;80;1089,54932094495;30,0000000000068;80;1089,54932094495
POLY_0_0_863;32,5;80;1210,4505;33,2351285524717;79,9638854500415;1210,44606569084;33,963177415121;79,8558896030243;1210,43280546819;34,6771350794085;79,6770525179916;1210,41084703523;35,3701257427382;79,4290964938347;1210,38040186368;36,035475526195;79,1144094826127;1210,34176315718;36,666776747647;78,7360220922691;1210,29530302761;37,2579496312273;78,2975784002205;1210,2414689114;37,8033008588991;77,8033008588991;1210,18077926052;38,2975784002205;77,2579496312274;1210,1138185495;38,7360220922691;76,666776747647;1210,04123164657;39,1144094826127;76,035475526195;1209,9637176033;39,4290964938346;75,3701257427382;1209,88202292229;39,6770525179916;74,6771350794085;1209,79693436798;39,8558896030242;73,963177415121;1209,70927138967;39,9638854500415;73,2351285524717;1209,61987822975;40;72,5;1209,52961579323
POLY_0_0_880;32,5;80;-1210,4505;33,2351285524717;79,9638854500415;-1210,4505;33,963177415121;79,8558896030243;-1210,4505;34,6771350794085;79,6770525179916;-1210,4505;35,3701257427382;79,4290964938347;-1210,4505;36,035475526195;79,1144094826127;-1210,4505;36,666776747647;78,7360220922691;-1210,4505;37,2579496312273;78,2975784002205;-1210,4505;37,8033008588991;77,8033008588991;-1210,4505;38,2975784002205;77,2579496312274;-1210,4505;38,7360220922691;76,666776747647;-1210,4505;39,1144094826127;76,035475526195;-1210,4505;39,4290964938346;75,3701257427382;-1210,4505;39,6770525179916;74,6771350794085;-1210,4505;39,8558896030242;73,963177415121;-1210,4505;39,9638854500415;73,2351285524717;-1210,4505;40;72,5;-1210,4505
POLY_0_0_914;40;55,9997096138174;790,669495116621;40;55,1917332457318;790,70798377475;40;54,3910740367538;790,823101189888;40;53,6049828806651;791,013804840898;40;52,8405787407045;791,278367685985;40;52,1047841791343;791,614393803054;40;51,4042626654447;792,018840087556;40;50,7453582309421;792,488043811308;40;50,1340380162193;793,017755792728;40;49,575838231806;793,603178878087;40;49,0758140213894;794,239011385266;40;48,6384936816495;794,919495116621;40;48,2678376533038;795,638467506105;40;47,9672026547425;796,389417428423;40;47,7393112830671;797,165544164791;40;47,5862273578293;797,959818991298;40;47,5093372307616;798,765048832119;40;47,5093372307616;799,573941401123;40;47,5862273578293;800,379171241944;40;47,7393112830671;801,173446068452;40;47,9672026547426;801,94957280482;40;48,2678376533039;802,700522727137;40;48,6384936816495;803,419495116621;40;49,0758140213894;804,099978847977;40;49,5758382318061;804,735811355157;40;50,1340380162194;805,321234440515;40;50,7453582309422;805,850946421935;40;51,4042626654448;806,320150145687;40;52,1047841791344;806,724596430189;40;52,8405787407046;807,060622547258;40;53,6049828806653;807,325185392345;40;54,391074036754;807,515889043354;40;55,1917332457319;807,631006458493;40;55,9997096138175;807,669495116622
POLY_0_0_916;40;55,9997096138174;807,669495116621;40;58,9997096138174;807,669495116621
POLY_0_0_950;40;58,9997096138174;807,669495116621;40;59,807685981903;807,631006458493;40;60,608345190881;807,515889043354;40;61,3944363469697;807,325185392344;40;62,1588404869303;807,060622547258;40;62,8946350485005;806,724596430188;40;63,5951565621902;806,320150145686;40;64,2540609966927;805,850946421935;40;64,8653812114155;805,321234440514;40;65,4235809958288;804,735811355156;40;65,9236052062454;804,099978847976;40;66,3609255459853;803,419495116621;40;66,7315815743309;802,700522727137;40;67,0322165728922;801,949572804819;40;67,2601079445676;801,173446068451;40;67,4131918698054;800,379171241943;40;67,490081996873;799,573941401122;40;67,4900819968729;798,765048832118;40;67,4131918698052;797,959818991297;40;67,2601079445674;797,16554416479;40;67,0322165728919;796,389417428422;40;66,7315815743305;795,638467506104;40;66,3609255459848;794,91949511662;40;65,9236052062449;794,239011385265;40;65,4235809958281;793,603178878085;40;64,8653812114148;793,017755792727;40;64,2540609966919;792,488043811306;40;63,5951565621893;792,018840087555;40;62,8946350484997;791,614393803053;40;62,1588404869294;791,278367685984;40;61,3944363469687;791,013804840897;40;60,60834519088;790,823101189887;40;59,807685981902;790,707983774749;40;58,9997096138164;790,66949511662
POLY_0_0_952;40;58,9997096138174;790,669495116621;40;55,9997096138174;790,669495116621
POLY_0_0_986;40;-56,0002903861724;1007,66949511662;40;-55,1923140180868;1007,6310064585;40;-54,3916548091089;1007,51588904336;40;-53,6055636530202;1007,32518539235;40;-52,8411595130595;1007,06062254726;40;-52,1053649514893;1006,72459643019;40;-51,4048434377997;1006,32015014569;40;-50,7459390032972;1005,85094642194;40;-50,1346187885743;1005,32123444052;40;-49,5764190041611;1004,73581135516;40;-49,0763947937444;1004,09997884798;40;-48,6390744540046;1003,41949511662;40;-48,2684184256589;1002,70052272714;40;-47,9677834270976;1001,94957280482;40;-47,7398920554222;1001,17344606845;40;-47,5868081301844;1000,37917124195;40;-47,5099180031168;999,573941401125;40;-47,5099180031168;998,765048832122;40;-47,5868081301845;997,959818991301;40;-47,7398920554223;997,165544164794;40;-47,9677834270978;996,389417428426;40;-48,2684184256591;995,638467506108;40;-48,6390744540048;994,919495116624;40;-49,0763947937447;994,239011385268;40;-49,5764190041614;993,603178878089;40;-50,1346187885746;993,01775579273;40;-50,7459390032975;992,48804381131;40;-51,4048434378001;992,018840087559;40;-52,1053649514897;991,614393803057;40;-52,8411595130599;991,278367685987;40;-53,6055636530206;991,013804840901;40;-54,3916548091093;990,823101189891;40;-55,1923140180872;990,707983774752;40;-56,0002903861728;990,669495116624
POLY_0_0_988;40;-56,0002903861724;990,669495116624;40;-59,0002903861724;990,669495116624
POLY_0_0_1022;40;-59,0002903861724;990,669495116624;40;-59,8082667542579;990,707983774753;40;-60,6089259632358;990,823101189891;40;-61,3950171193245;991,013804840901;40;-62,1594212592851;991,278367685988;40;-62,8952158208553;991,614393803057;40;-63,5957373345449;992,018840087559;40;-64,2546417690474;992,48804381131;40;-64,8659619837702;993,017755792731;40;-65,4241617681835;993,603178878089;40;-65,9241859786001;994,239011385269;40;-66,36150631834;994,919495116624;40;-66,7321623466856;995,638467506108;40;-67,0327973452469;996,389417428426;40;-67,2606887169223;997,165544164794;40;-67,4137726421601;997,959818991301;40;-67,4906627692277;998,765048832122;40;-67,4906627692277;999,573941401126;40;-67,41377264216;1000,37917124195;40;-67,2606887169222;1001,17344606845;40;-67,0327973452467;1001,94957280482;40;-66,7321623466854;1002,70052272714;40;-66,3615063183397;1003,41949511662;40;-65,9241859785999;1004,09997884798;40;-65,4241617681832;1004,73581135516;40;-64,8659619837699;1005,32123444052;40;-64,2546417690471;1005,85094642194;40;-63,5957373345446;1006,32015014569;40;-62,895215820855;1006,72459643019;40;-62,1594212592848;1007,06062254726;40;-61,3950171193241;1007,32518539235;40;-60,6089259632354;1007,51588904336;40;-59,8082667542575;1007,63100645849;40;-59,000290386172;1007,66949511662
POLY_0_0_1024;40;-59,0002903861724;1007,66949511662;40;-56,0002903861724;1007,66949511662
POLY_0_0_1090;40;-66,0002903862156;1095,33537923869;40;-65,9606092813156;1096,15574756646;40;-65,8419364584006;1096,96845633619;40;-65,6453799336435;1097,76591750508;40;-65,3727749023567;1098,54068539304;40;-65,0266666042679;1099,28552620106;40;-64,6102865593025;1099,9934855512;40;-64,127522395753;1100,65795341776;40;-63,5828815525406;1101,2727258433;40;-62,981449194473;1101,83206286333;40;-62,3288407334304;1102,33074209878;40;-61,6311493987777;1102,76410751601;40;-60,894889346524;1103,12811289888;40;-60,1269348384026;1103,4193596272;40;-59,3344560587419;1103,63512840874;40;-58,5248521683858;1103,77340466852;40;-57,7056822207227;1103,83289735837;40;-56,8845945848406;1103,81305101106;40;-56,0692555347658;1103,71405092661;40;-55,2672776715276;1103,53682144211;40;-54,486148846354;1103,28301730151;40;-53,7331622486221;1102,9550082057;40;-53,0153483113135;1102,55585668722;40;-52,3394090697566;1102,08928951625;40;-51,7116555865278;1101,55966290477;40;-51,1379490267612;1100,97192183373;40;-50,6236459340286;1100,33155388317;40;-50,1735482177352;1099,6445379961;40;-49,791858318986;1098,91728865475;40;-49,4821399735248;1098,15659599028;40;-49,2472849380942;1097,36956238513;40;-49,0894859908817;1096,56353616003;40;-49,0102164581408;1095,74604296465;40;-49,0102164581408;1094,92471551272;40;-49,0894859908817;1094,10722231735;40;-49,2472849380942;1093,30119609224;40;-49,4821399735248;1092,51416248709;40;-49,791858318986;1091,75346982262;40;-50,1735482177352;1091,02622048127;40;-50,6236459340285;1090,3392045942;40;-51,1379490267612;1089,69883664364;40;-51,7116555865278;1089,11109557261;40;-52,3394090697566;1088,58146896112;40;-53,0153483113135;1088,11490179015;40;-53,7331622486221;1087,71575027167;40;-54,486148846354;1087,38774117586;40;-55,2672776715276;1087,13393703527;40;-56,0692555347658;1086,95670755077;40;-56,8845945848406;1086,85770746631;40;-57,7056822207227;1086,83786111901;40;-58,5248521683858;1086,89735380885;40;-59,3344560587419;1087,03563006864;40;-60,1269348384026;1087,25139885018;40;-60,894889346524;1087,5426455785;40;-61,6311493987777;1087,90665096136;40;-62,3288407334304;1088,34001637859;40;-62,981449194473;1088,83869561405;40;-63,5828815525406;1089,39803263407;40;-64,127522395753;1090,01280505961;40;-64,6102865593025;1090,67727292617;40;-65,0266666042679;1091,38523227632;40;-65,3727749023567;1092,13007308434;40;-65,6453799336435;1092,9048409723;40;-65,8419364584006;1093,70230214118;40;-65,9606092813156;1094,51501091091;40;-66,0002903862156;1095,33537923869
POLY_0_0_1156;40;48,9997096137862;1185,01884065195;40;49,0393907186861;1185,83920897972;40;49,1580635416011;1186,65191774945;40;49,3546200663582;1187,44937891833;40;49,6272250976451;1188,2241468063;40;49,9733333957339;1188,96898761432;40;50,3897134406992;1189,67694696446;40;50,8724776042487;1190,34141483102;40;51,4171184474611;1190,95618725656;40;52,0185508055287;1191,51552427658;40;52,6711592665713;1192,01420351204;40;53,368850601224;1192,44756892927;40;54,1051106534777;1192,81157431214;40;54,8730651615991;1193,10282104045;40;55,6655439412598;1193,31858982199;40;56,4751478316159;1193,45686608178;40;57,294317779279;1193,51635877163;40;58,1154054151611;1193,49651242432;40;58,9307444652359;1193,39751233986;40;59,7327223284741;1193,22028285537;40;60,5138511536477;1192,96647871477;40;61,2668377513797;1192,63846961896;40;61,9846516886882;1192,23931810048;40;62,6605909302451;1191,77275092951;40;63,2883444134739;1191,24312431803;40;63,8620509732405;1190,65538324699;40;64,3763540659732;1190,01501529643;40;64,8264517822665;1189,32799940936;40;65,2081416810157;1188,60075006801;40;65,5178600264769;1187,84005740354;40;65,7527150619076;1187,05302379839;40;65,91051400912;1186,24699757328;40;65,9897835418609;1185,42950437791;40;65,9897835418609;1184,60817692598;40;65,91051400912;1183,79068373061;40;65,7527150619076;1182,9846575055;40;65,5178600264769;1182,19762390035;40;65,2081416810157;1181,43693123588;40;64,8264517822665;1180,70968189453;40;64,3763540659732;1180,02266600746;40;63,8620509732405;1179,3822980569;40;63,2883444134739;1178,79455698586;40;62,6605909302452;1178,26493037438;40;61,9846516886882;1177,79836320341;40;61,2668377513797;1177,39921168493;40;60,5138511536477;1177,07120258912;40;59,7327223284741;1176,81739844853;40;58,9307444652359;1176,64016896403;40;58,1154054151611;1176,54116887957;40;57,294317779279;1176,52132253226;40;56,4751478316159;1176,58081522211;40;55,6655439412598;1176,7190914819;40;54,8730651615991;1176,93486026344;40;54,1051106534777;1177,22610699175;40;53,368850601224;1177,59011237462;40;52,6711592665713;1178,02347779185;40;52,0185508055287;1178,52215702731;40;51,4171184474611;1179,08149404733;40;50,8724776042487;1179,69626647287;40;50,3897134406992;1180,36073433943;40;49,9733333957339;1181,06869368957;40;49,627225097645;1181,81353449759;40;49,3546200663582;1182,58830238556;40;49,1580635416011;1183,38576355444;40;49,0393907186861;1184,19847232417;40;48,9997096137861;1185,01884065195
POLY_0_0_1190;40;48,9997096138215;1000,66949511662;40;49,0381982719503;1001,47747148471;40;49,1533156870885;1002,27813069368;40;49,3440193380983;1003,06422184977;40;49,6085821831849;1003,82862598973;40;49,9446083002547;1004,5644205513;40;50,3490545847565;1005,26494206499;40;50,8182583085078;1005,9238464995;40;51,3479702899284;1006,53516671422;40;51,9333933752866;1007,09336649863;40;52,5692258824663;1007,59339070905;40;53,2497096138215;1008,03071104879;40;53,9686820033055;1008,40136707713;40;54,7196319256234;1008,70200207569;40;55,4957586619914;1008,92989344737;40;56,2900334884986;1009,08297737261;40;57,0952633293197;1009,15986749968;40;57,9041558983233;1009,15986749968;40;58,7093857391445;1009,08297737261;40;59,5036605656517;1008,92989344737;40;60,2797873020196;1008,70200207569;40;61,0307372243376;1008,40136707713;40;61,7497096138215;1008,03071104879;40;62,4301933451767;1007,59339070905;40;63,0660258523564;1007,09336649863;40;63,6514489377146;1006,53516671422;40;64,1811609191352;1005,9238464995;40;64,6503646428866;1005,26494206499;40;65,0548109273884;1004,5644205513;40;65,3908370444581;1003,82862598973;40;65,6553998895447;1003,06422184977;40;65,8461035405545;1002,27813069368;40;65,9612209556927;1001,47747148471;40;65,9997096138215;1000,66949511662
POLY_0_0_1192;40;65,9997096138215;1000,66949511662;40;65,9997096138215;997,66949511662
POLY_0_0_1226;40;65,9997096138215;997,66949511662;40;65,9612209556927;996,861518748534;40;65,8461035405545;996,060859539556;40;65,6553998895447;995,274768383467;40;65,3908370444581;994,510364243507;40;65,0548109273883;993,774569681937;40;64,6503646428865;993,074048168247;40;64,1811609191352;992,415143733745;40;63,6514489377146;991,803823519022;40;63,0660258523564;991,245623734609;40;62,4301933451767;990,745599524192;40;61,7497096138215;990,308279184452;40;61,0307372243375;989,937623156106;40;60,2797873020196;989,636988157545;40;59,5036605656516;989,409096785869;40;58,7093857391444;989,256012860632;40;57,9041558983233;989,179122733564;40;57,0952633293197;989,179122733564;40;56,2900334884986;989,256012860632;40;55,4957586619914;989,409096785869;40;54,7196319256234;989,636988157545;40;53,9686820033055;989,937623156106;40;53,2497096138215;990,308279184452;40;52,5692258824663;990,745599524192;40;51,9333933752866;991,245623734609;40;51,3479702899284;991,803823519022;40;50,8182583085078;992,415143733745;40;50,3490545847565;993,074048168247;40;49,9446083002547;993,774569681937;40;49,6085821831849;994,510364243507;40;49,3440193380983;995,274768383467;40;49,1533156870885;996,060859539556;40;49,0381982719503;996,861518748534;40;48,9997096138215;997,66949511662
POLY_0_0_1228;40;48,9997096138215;997,66949511662;40;48,9997096138215;1000,66949511662
POLY_0_0_1262;40;-66,0002903861781;800,669495116623;40;-65,9618017280493;801,477471484709;40;-65,8466843129111;802,278130693687;40;-65,6559806619013;803,064221849775;40;-65,3914178168147;803,828625989736;40;-65,0553916997449;804,564420551306;40;-64,6509454152431;805,264942064996;40;-64,1817416914918;805,923846499498;40;-63,6520297100712;806,535166714221;40;-63,066606624713;807,093366498634;40;-62,4307741175332;807,593390709051;40;-61,7502903861781;808,030711048791;40;-61,0313179966941;808,401367077136;40;-60,2803680743761;808,702002075698;40;-59,5042413380082;808,929893447373;40;-58,709966511501;809,082977372611;40;-57,9047366706799;809,159867499679;40;-57,0958441016763;809,159867499679;40;-56,2906142608551;809,082977372611;40;-55,4963394343479;808,929893447373;40;-54,72021269798;808,702002075698;40;-53,969262775662;808,401367077136;40;-53,2502903861781;808,030711048791;40;-52,5698066548229;807,593390709051;40;-51,9339741476431;807,093366498634;40;-51,348551062285;806,535166714221;40;-50,8188390808644;805,923846499498;40;-50,349635357113;805,264942064996;40;-49,9451890726112;804,564420551306;40;-49,6091629555414;803,828625989736;40;-49,3446001104548;803,064221849775;40;-49,1538964594451;802,278130693687;40;-49,0387790443068;801,477471484709;40;-49,0002903861781;800,669495116623
POLY_0_0_1264;40;-49,0002903861781;800,669495116623;40;-49,0002903861781;797,669495116624
POLY_0_0_1298;40;-49,0002903861781;797,669495116624;40;-49,0387790443068;796,861518748538;40;-49,1538964594451;796,06085953956;40;-49,3446001104548;795,274768383471;40;-49,6091629555414;794,510364243511;40;-49,9451890726112;793,774569681941;40;-50,349635357113;793,074048168251;40;-50,8188390808644;792,415143733748;40;-51,348551062285;791,803823519026;40;-51,9339741476431;791,245623734612;40;-52,5698066548229;790,745599524196;40;-53,2502903861781;790,308279184456;40;-53,969262775662;789,93762315611;40;-54,72021269798;789,636988157549;40;-55,4963394343479;789,409096785873;40;-56,2906142608551;789,256012860636;40;-57,0958441016763;789,179122733568;40;-57,9047366706799;789,179122733568;40;-58,709966511501;789,256012860636;40;-59,5042413380082;789,409096785873;40;-60,2803680743761;789,636988157549;40;-61,0313179966941;789,93762315611;40;-61,7502903861781;790,308279184456;40;-62,4307741175332;790,745599524196;40;-63,066606624713;791,245623734612;40;-63,6520297100711;791,803823519026;40;-64,1817416914918;792,415143733748;40;-64,6509454152431;793,074048168251;40;-65,0553916997449;793,774569681941;40;-65,3914178168147;794,510364243511;40;-65,6559806619013;795,274768383471;40;-65,8466843129111;796,06085953956;40;-65,9618017280493;796,861518748538;40;-66,0002903861781;797,669495116624
POLY_0_0_1300;40;-66,0002903861781;797,669495116624;40;-66,0002903861781;800,669495116623
POLY_0_0_1302;40;-40,5;-875,4505;40;-43,5;-875,4505
POLY_0_0_1337;40;-43,5;-875,4505;40;-44,3304152351697;-875,412107586655;40;-45,1537456603491;-875,297257897155;40;-45,9629669106487;-875,106930788555;40;-46,7511749956844;-874,842750064639;40;-47,5116452019888;-874,506969622195;40;-48,2378894658962;-874,102454221566;40;-48,9237117274133;-873,632655045522;40;-49,563260792819;-873,101580254986;40;-50,1510802549859;-872,513760792819;40;-50,6821550455221;-871,874211727413;40;-51,1519542215665;-871,188389465896;40;-51,5564696221955;-870,462145201989;40;-51,8922500646392;-869,701674995684;40;-52,1564307885553;-868,913466910649;40;-52,3467578971551;-868,104245660349;40;-52,4616075866553;-867,28091523517;40;-52,5;-866,4505;40;-52,4616075866553;-865,62008476483;40;-52,3467578971551;-864,796754339651;40;-52,1564307885553;-863,987533089351;40;-51,8922500646392;-863,199325004315;40;-51,5564696221955;-862,438854798011;40;-51,1519542215665;-861,712610534104;40;-50,6821550455221;-861,026788272587;40;-50,1510802549859;-860,387239207181;40;-49,563260792819;-859,799419745014;40;-48,9237117274133;-859,268344954478;40;-48,2378894658962;-858,798545778433;40;-47,5116452019888;-858,394030377804;40;-46,7511749956844;-858,058249935361;40;-45,9629669106487;-857,794069211445;40;-45,1537456603491;-857,603742102845;40;-44,3304152351697;-857,488892413345;40;-43,5;-857,4505
POLY_0_0_1339;40;-43,5;-857,4505;40;-40,5;-857,4505
POLY_0_0_1374;40;-40,5;-857,4505;40;-39,6695847648303;-857,488892413345;40;-38,8462543396508;-857,603742102845;40;-38,0370330893512;-857,794069211445;40;-37,2488250043156;-858,058249935361;40;-36,4883547980111;-858,394030377804;40;-35,7621105341038;-858,798545778433;40;-35,0762882725867;-859,268344954478;40;-34,436739207181;-859,799419745014;40;-33,8489197450141;-860,387239207181;40;-33,3178449544778;-861,026788272587;40;-32,8480457784335;-861,712610534104;40;-32,4435303778044;-862,438854798011;40;-32,1077499353608;-863,199325004315;40;-31,8435692114446;-863,987533089351;40;-31,6532421028449;-864,796754339651;40;-31,5383924133447;-865,62008476483;40;-31,5;-866,4505;40;-31,5383924133447;-867,28091523517;40;-31,6532421028449;-868,104245660349;40;-31,8435692114446;-868,913466910649;40;-32,1077499353608;-869,701674995684;40;-32,4435303778044;-870,462145201989;40;-32,8480457784335;-871,188389465896;40;-33,3178449544778;-871,874211727413;40;-33,8489197450141;-872,513760792819;40;-34,436739207181;-873,101580254986;40;-35,0762882725867;-873,632655045522;40;-35,7621105341038;-874,102454221566;40;-36,4883547980111;-874,506969622195;40;-37,2488250043156;-874,842750064639;40;-38,0370330893512;-875,106930788555;40;-38,8462543396508;-875,297257897155;40;-39,6695847648303;-875,412107586655;40;-40,5;-875,4505
POLY_0_0_1409;40;43,5;-1057,4505;40;44,3304152351697;-1057,48889241334;40;45,1537456603491;-1057,60374210284;40;45,9629669106488;-1057,79406921144;40;46,7511749956844;-1058,05824993536;40;47,5116452019889;-1058,3940303778;40;48,2378894658962;-1058,79854577843;40;48,9237117274133;-1059,26834495448;40;49,563260792819;-1059,79941974501;40;50,1510802549859;-1060,38723920718;40;50,6821550455222;-1061,02678827259;40;51,1519542215665;-1061,7126105341;40;51,5564696221956;-1062,43885479801;40;51,8922500646392;-1063,19932500432;40;52,1564307885554;-1063,98753308935;40;52,3467578971551;-1064,79675433965;40;52,4616075866553;-1065,62008476483;40;52,5;-1066,4505;40;52,4616075866553;-1067,28091523517;40;52,3467578971551;-1068,10424566035;40;52,1564307885554;-1068,91346691065;40;51,8922500646392;-1069,70167499568;40;51,5564696221956;-1070,46214520199;40;51,1519542215665;-1071,1883894659;40;50,6821550455222;-1071,87421172741;40;50,1510802549859;-1072,51376079282;40;49,563260792819;-1073,10158025499;40;48,9237117274133;-1073,63265504552;40;48,2378894658962;-1074,10245422157;40;47,5116452019888;-1074,5069696222;40;46,7511749956844;-1074,84275006464;40;45,9629669106487;-1075,10693078856;40;45,1537456603491;-1075,29725789716;40;44,3304152351697;-1075,41210758666;40;43,5;-1075,4505
POLY_0_0_1411;40;43,5;-1075,4505;40;40,5;-1075,4505
POLY_0_0_1446;40;40,5;-1075,4505;40;39,6695847648303;-1075,41210758666;40;38,8462543396509;-1075,29725789716;40;38,0370330893513;-1075,10693078856;40;37,2488250043156;-1074,84275006464;40;36,4883547980112;-1074,5069696222;40;35,7621105341038;-1074,10245422157;40;35,0762882725867;-1073,63265504552;40;34,436739207181;-1073,10158025499;40;33,8489197450141;-1072,51376079282;40;33,3178449544778;-1071,87421172741;40;32,8480457784335;-1071,1883894659;40;32,4435303778044;-1070,46214520199;40;32,1077499353608;-1069,70167499568;40;31,8435692114446;-1068,91346691065;40;31,6532421028449;-1068,10424566035;40;31,5383924133447;-1067,28091523517;40;31,5;-1066,4505;40;31,5383924133447;-1065,62008476483;40;31,6532421028449;-1064,79675433965;40;31,8435692114446;-1063,98753308935;40;32,1077499353608;-1063,19932500432;40;32,4435303778045;-1062,43885479801;40;32,8480457784335;-1061,7126105341;40;33,3178449544779;-1061,02678827259;40;33,8489197450141;-1060,38723920718;40;34,436739207181;-1059,79941974501;40;35,0762882725867;-1059,26834495448;40;35,7621105341038;-1058,79854577843;40;36,4883547980112;-1058,3940303778;40;37,2488250043157;-1058,05824993536;40;38,0370330893513;-1057,79406921144;40;38,8462543396509;-1057,60374210284;40;39,6695847648303;-1057,48889241334;40;40,5;-1057,4505
POLY_0_0_1448;40;40,5;-1057,4505;40;43,5;-1057,4505
POLY_0_0_1450;40;-33;-1064,9505;40;-33;-1067,9505
POLY_0_0_1485;40;-33;-1067,9505;40;-33,0383924133447;-1068,78091523517;40;-33,1532421028449;-1069,60424566035;40;-33,3435692114446;-1070,41346691065;40;-33,6077499353608;-1071,20167499568;40;-33,9435303778044;-1071,96214520199;40;-34,3480457784335;-1072,6883894659;40;-34,8178449544779;-1073,37421172741;40;-35,3489197450141;-1074,01376079282;40;-35,936739207181;-1074,60158025499;40;-36,5762882725867;-1075,13265504552;40;-37,2621105341038;-1075,60245422157;40;-37,9883547980112;-1076,0069696222;40;-38,7488250043157;-1076,34275006464;40;-39,5370330893513;-1076,60693078856;40;-40,3462543396509;-1076,79725789716;40;-41,1695847648303;-1076,91210758666;40;-42;-1076,9505;40;-42,8304152351698;-1076,91210758666;40;-43,6537456603492;-1076,79725789716;40;-44,4629669106488;-1076,60693078856;40;-45,2511749956844;-1076,34275006464;40;-46,0116452019889;-1076,0069696222;40;-46,7378894658962;-1075,60245422157;40;-47,4237117274133;-1075,13265504552;40;-48,063260792819;-1074,60158025499;40;-48,6510802549859;-1074,01376079282;40;-49,1821550455222;-1073,37421172741;40;-49,6519542215665;-1072,6883894659;40;-50,0564696221956;-1071,96214520199;40;-50,3922500646392;-1071,20167499568;40;-50,6564307885554;-1070,41346691065;40;-50,8467578971551;-1069,60424566035;40;-50,9616075866553;-1068,78091523517;40;-51;-1067,9505
POLY_0_0_1487;40;-51;-1067,9505;40;-51;-1064,9505
POLY_0_0_1522;40;-51;-1064,9505;40;-50,9616075866553;-1064,12008476483;40;-50,8467578971551;-1063,29675433965;40;-50,6564307885553;-1062,48753308935;40;-50,3922500646392;-1061,69932500432;40;-50,0564696221955;-1060,93885479801;40;-49,6519542215665;-1060,2126105341;40;-49,1821550455221;-1059,52678827259;40;-48,6510802549859;-1058,88723920718;40;-48,063260792819;-1058,29941974501;40;-47,4237117274132;-1057,76834495448;40;-46,7378894658961;-1057,29854577843;40;-46,0116452019888;-1056,8940303778;40;-45,2511749956843;-1056,55824993536;40;-44,4629669106487;-1056,29406921144;40;-43,6537456603491;-1056,10374210284;40;-42,8304152351696;-1055,98889241334;40;-41,9999999999999;-1055,9505;40;-41,1695847648302;-1055,98889241334;40;-40,3462543396508;-1056,10374210284;40;-39,5370330893512;-1056,29406921144;40;-38,7488250043155;-1056,55824993536;40;-37,9883547980111;-1056,8940303778;40;-37,2621105341037;-1057,29854577843;40;-36,5762882725866;-1057,76834495448;40;-35,9367392071809;-1058,29941974501;40;-35,348919745014;-1058,88723920718;40;-34,8178449544778;-1059,52678827259;40;-34,3480457784334;-1060,2126105341;40;-33,9435303778044;-1060,93885479801;40;-33,6077499353608;-1061,69932500432;40;-33,3435692114446;-1062,48753308935;40;-33,1532421028449;-1063,29675433965;40;-33,0383924133447;-1064,12008476483;40;-33;-1064,9505
POLY_0_0_1557;40;51;-867,9505;40;50,9616075866553;-868,78091523517;40;50,8467578971551;-869,604245660349;40;50,6564307885554;-870,413466910649;40;50,3922500646392;-871,201674995684;40;50,0564696221956;-871,962145201989;40;49,6519542215665;-872,688389465896;40;49,1821550455222;-873,374211727413;40;48,6510802549859;-874,013760792819;40;48,063260792819;-874,601580254986;40;47,4237117274133;-875,132655045522;40;46,7378894658962;-875,602454221566;40;46,0116452019888;-876,006969622195;40;45,2511749956844;-876,342750064639;40;44,4629669106487;-876,606930788555;40;43,6537456603491;-876,797257897155;40;42,8304152351697;-876,912107586655;40;42;-876,9505;40;41,1695847648303;-876,912107586655;40;40,3462543396509;-876,797257897155;40;39,5370330893513;-876,606930788555;40;38,7488250043156;-876,342750064639;40;37,9883547980112;-876,006969622195;40;37,2621105341038;-875,602454221566;40;36,5762882725867;-875,132655045522;40;35,936739207181;-874,601580254986;40;35,3489197450141;-874,013760792819;40;34,8178449544778;-873,374211727413;40;34,3480457784335;-872,688389465896;40;33,9435303778044;-871,962145201989;40;33,6077499353608;-871,201674995684;40;33,3435692114446;-870,413466910649;40;33,1532421028449;-869,604245660349;40;33,0383924133447;-868,78091523517;40;33;-867,9505
POLY_0_0_1559;40;33;-867,9505;40;33;-864,9505
POLY_0_0_1594;40;33;-864,9505;40;33,0383924133447;-864,12008476483;40;33,1532421028449;-863,296754339651;40;33,3435692114446;-862,487533089351;40;33,6077499353608;-861,699325004316;40;33,9435303778044;-860,938854798011;40;34,3480457784335;-860,212610534104;40;34,8178449544778;-859,526788272587;40;35,3489197450141;-858,887239207181;40;35,936739207181;-858,299419745014;40;36,5762882725867;-857,768344954478;40;37,2621105341038;-857,298545778433;40;37,9883547980112;-856,894030377804;40;38,7488250043156;-856,558249935361;40;39,5370330893513;-856,294069211445;40;40,3462543396509;-856,103742102845;40;41,1695847648303;-855,988892413345;40;42;-855,9505;40;42,8304152351697;-855,988892413345;40;43,6537456603491;-856,103742102845;40;44,4629669106488;-856,294069211445;40;45,2511749956844;-856,558249935361;40;46,0116452019889;-856,894030377804;40;46,7378894658962;-857,298545778433;40;47,4237117274133;-857,768344954478;40;48,063260792819;-858,299419745014;40;48,6510802549859;-858,887239207181;40;49,1821550455222;-859,526788272587;40;49,6519542215665;-860,212610534104;40;50,0564696221956;-860,938854798011;40;50,3922500646392;-861,699325004316;40;50,6564307885554;-862,487533089351;40;50,8467578971551;-863,296754339651;40;50,9616075866553;-864,12008476483;40;51;-864,9505
POLY_0_0_1596;40;51;-864,9505;40;51;-867,9505
POLY_0_0_1598;40;72,5;1209,52961579323;40;2,66453525910038E-14;1200,62773512777;40;-72,5;1191,72585446231
POLY_0_0_1600;40;72,5;-1210,4505;40;2,66453525910038E-14;-1210,4505;40;-72,5;-1210,4505
