POLY_0_0_15;30.0000000000001;34.0000010202805;-1315;29.9622732593596;34.6717878769004;-1315;29.849567473091;35.3351266240184;-1315;29.6632999818503;35.9816753920115;-1315;29.4058132074146;36.6033034549859;-1315;29.0803451953698;37.1921934793725;-1315;28.6909888948083;37.7409398314329;-1315;28.2426406871194;38.2426417073998;-1315;27.7409388111525;38.6909899150887;-1315;27.1921924590921;39.0803462156502;-1315;26.6033024347054;39.405814227695;-1315;25.9816743717311;39.6633010021307;-1315;25.335125603738;39.8495684933715;-1315;24.6717868566199;39.96227427964;-1315;24.0000000000001;40.0000010202805;-1315
POLY_0_0_30;24.0000000000001;40.0000010202805;1315.0000000001;24.6717868566199;39.96227427964;1315.0000000001;25.335125603738;39.8495684933715;1315.0000000001;25.9816743717311;39.6633010021307;1315.0000000001;26.6033024347054;39.405814227695;1315.0000000001;27.1921924590921;39.0803462156502;1315.0000000001;27.7409388111525;38.6909899150887;1315.0000000001;28.2426406871194;38.2426417073998;1315.0000000001;28.6909888948083;37.7409398314329;1315.0000000001;29.0803451953698;37.1921934793725;1315.0000000001;29.4058132074146;36.6033034549859;1315.0000000001;29.6632999818503;35.9816753920115;1315.0000000001;29.849567473091;35.3351266240184;1315.0000000001;29.9622732593596;34.6717878769004;1315.0000000001;30.0000000000001;34.0000010202805;1315.0000000001
POLY_0_0_32;24.0000000000001;40.0000010202805;-1315;-23.9999999999999;40.0000010202805;-1315
POLY_0_0_34;-23.9999999999999;40.0000010202805;1315.0000000001;24.0000000000001;40.0000010202805;1315.0000000001
POLY_0_0_49;-23.9999999999999;40.0000010202805;-1315;-24.6717868566197;39.96227427964;-1315;-25.3351256037378;39.8495684933715;-1315;-25.9816743717309;39.6633010021307;-1315;-26.6033024347052;39.405814227695;-1315;-27.1921924590919;39.0803462156502;-1315;-27.7409388111523;38.6909899150887;-1315;-28.2426406871192;38.2426417073998;-1315;-28.6909888948081;37.7409398314329;-1315;-29.0803451953696;37.1921934793725;-1315;-29.4058132074144;36.6033034549858;-1315;-29.6632999818501;35.9816753920115;-1315;-29.8495674730908;35.3351266240184;-1315;-29.9622732593594;34.6717878769003;-1315;-29.9999999999999;34.0000010202805;-1315
POLY_0_0_64;-29.9999999999999;34.0000010202805;1315.0000000001;-29.9622732593594;34.6717878769003;1315.0000000001;-29.8495674730908;35.3351266240184;1315.0000000001;-29.6632999818501;35.9816753920115;1315.0000000001;-29.4058132074144;36.6033034549858;1315.0000000001;-29.0803451953696;37.1921934793725;1315.0000000001;-28.6909888948081;37.7409398314329;1315.0000000001;-28.2426406871192;38.2426417073998;1315.0000000001;-27.7409388111523;38.6909899150887;1315.0000000001;-27.1921924590919;39.0803462156502;1315.0000000001;-26.6033024347052;39.405814227695;1315.0000000001;-25.9816743717309;39.6633010021307;1315.0000000001;-25.3351256037378;39.8495684933715;1315.0000000001;-24.6717868566197;39.96227427964;1315.0000000001;-23.9999999999999;40.0000010202805;1315.0000000001
POLY_0_0_66;-29.9999999999999;10.0000010201714;-1375;-29.9999999999999;34.0000010202805;-1375
POLY_0_0_68;-29.9999999999999;1.02028050896763E-06;-2550;-29.9999999999999;34.0000010202805;-2550
POLY_0_0_70;-29.9999999999999;1.02028050896763E-06;-2550;-29.9999999999999;1.02031328275132E-06;-2547
POLY_0_0_72;-29.9999999999999;1.02031328275132E-06;-2547;-29.9999999999999;-33.999998979688;-2547
POLY_0_0_74;-29.9999999999999;-33.999998979688;-2493;-29.9999999999999;1.02031327831043E-06;-2493
POLY_0_0_76;-29.9999999999999;1.02031327831043E-06;-2493;-29.9999999999999;1.0203132383424E-06;-2490
POLY_0_0_78;-29.9999999999999;1.0203132383424E-06;-2490;-29.9999999999999;-33.9999989797195;-2490
POLY_0_0_80;-29.9999999999999;-33.9999989797195;2490;-29.9999999999999;1.0203132383424E-06;2490
POLY_0_0_82;-29.9999999999999;1.0203132383424E-06;2490;-29.9999999999999;1.02031327831043E-06;2493
POLY_0_0_84;-29.9999999999999;1.02031327831043E-06;2493;-29.9999999999999;-33.999998979688;2493
POLY_0_0_86;-29.9999999999999;-33.999998979688;2547;-29.9999999999999;1.02031328275132E-06;2547
POLY_0_0_88;-29.9999999999999;1.02031328275132E-06;2547;-29.9999999999999;1.02028050896763E-06;2550
POLY_0_0_90;-29.9999999999999;1.02028050896763E-06;2550;-29.9999999999999;34.0000010202805;2550
POLY_0_0_92;-29.9999999999999;34.0000010202805;1375.0000000001;-29.9999999999999;10.000001020183;1375.0000000001
POLY_0_0_111;-29.9999999999999;10.000001020183;1375.0000000001;-29.9999999999999;9.12844359270646;1374.96194698102;-29.9999999999999;8.26351924351376;1374.84807753022;-29.9999999999999;7.41181056915788;1374.65925826299;-29.9999999999999;6.57979958692643;1374.39692620796;-29.9999999999999;5.77381840277615;1374.06307787047;-29.9999999999999;5.00000102018317;1373.66025403795;-29.9999999999999;4.26423665667273;1373.19152044299;-29.9999999999999;3.57212492331782;1372.66044443129;-29.9999999999999;2.92893320831774;1372.07106781197;-29.9999999999999;2.33955658899344;1371.42787609697;-29.9999999999999;1.80848057729329;1370.73576436361;-29.9999999999999;1.3397469823388;1370.0000000001;-29.9999999999999;0.936923149816656;1369.22618261751;-29.9999999999999;0.603074812324028;1368.42020143336;-29.9999999999999;0.340742757292373;1367.58819045113;-29.9999999999999;0.151923490060906;1366.73648177677;-29.9999999999999;3.80540392654483E-02;1365.87155742758;-29.9999999999999;1.02018280934146E-06;1365.0000000001
POLY_0_0_113;-29.9999999999999;1.02018316461283E-06;1365.0000000001;-29.9999999999999;1.02018288039574E-06;1325.0000000001
POLY_0_0_132;-29.9999999999999;1.02018288039574E-06;1325.0000000001;-29.9999999999999;3.80540392653328E-02;1324.12844257262;-29.9999999999999;0.151923490060631;1323.26351822343;-29.9999999999999;0.340742757291969;1322.41180954908;-29.9999999999999;0.603074812323522;1321.57979856684;-29.9999999999999;0.936923149816076;1320.77381738269;-29.9999999999999;1.33974698233817;1320.0000000001;-29.9999999999999;1.80848057729264;1319.26423563659;-29.9999999999999;2.33955658899278;1318.57212390324;-29.9999999999999;2.9289332083171;1317.92893218824;-29.9999999999999;3.57212492331721;1317.33955556891;-29.9999999999999;4.26423665667217;1316.80847955721;-29.9999999999999;5.00000102018266;1316.33974596226;-29.9999999999999;5.7738184027757;1315.93692212974;-29.9999999999999;6.57979958692603;1315.60307379224;-29.9999999999999;7.41181056915753;1315.34074173721;-29.9999999999999;8.26351924351345;1315.15192246998;-29.9999999999999;9.12844359270617;1315.03805301918;-29.9999999999999;10.0000010201827;1315.0000000001
POLY_0_0_134;-29.9999999999999;10.0000010201827;1315.0000000001;-29.9999999999999;34.0000010202805;1315.0000000001
POLY_0_0_136;-29.9999999999999;34.0000010202805;-1315;-29.9999999999999;10.0000010201718;-1315
POLY_0_0_155;-29.9999999999999;10.0000010201718;-1315;-29.9999999999999;9.12844359269521;-1315.03805301908;-29.9999999999999;8.26351924350249;-1315.15192246988;-29.9999999999999;7.41181056914658;-1315.34074173711;-29.9999999999999;6.5797995869151;-1315.60307379214;-29.9999999999999;5.77381840276479;-1315.93692212963;-29.9999999999999;5.00000102017178;-1316.33974596215;-29.9999999999999;4.26423665666132;-1316.80847955711;-29.9999999999999;3.5721249233064;-1317.33955556881;-29.9999999999999;2.92893320830634;-1317.92893218813;-29.9999999999999;2.33955658898206;-1318.57212390313;-29.9999999999999;1.80848057728197;-1319.26423563649;-29.9999999999999;1.33974698232755;-1320;-29.9999999999999;0.936923149805494;-1320.77381738259;-29.9999999999999;0.603074812312983;-1321.57979856674;-29.9999999999999;0.340742757281468;-1322.41180954897;-29.9999999999999;0.151923490050166;-1323.26351822333;-29.9999999999999;0.0380540392549;-1324.12844257252;-29.9999999999999;1.02017247538555E-06;-1325
POLY_0_0_157;-29.9999999999999;1.02017250647179E-06;-1325;-29.9999999999999;1.02017208014615E-06;-1365
POLY_0_0_176;-29.9999999999999;1.02017208014615E-06;-1365;-29.9999999999999;3.80540392546558E-02;-1365.87155742748;-29.9999999999999;0.151923490050052;-1366.73648177667;-29.9999999999999;0.340742757281463;-1367.58819045102;-29.9999999999999;0.603074812313064;-1368.42020143326;-29.9999999999999;0.936923149805641;-1369.22618261741;-29.9999999999999;1.33974698232774;-1370;-29.9999999999999;1.80848057728218;-1370.73576436351;-29.9999999999999;2.33955658898228;-1371.42787609686;-29.9999999999999;2.92893320830655;-1372.07106781186;-29.9999999999999;3.57212492330658;-1372.66044443119;-29.9999999999999;4.26423665666145;-1373.19152044289;-29.9999999999999;5.00000102017185;-1373.66025403784;-29.9999999999999;5.77381840276478;-1374.06307787037;-29.9999999999999;6.57979958691501;-1374.39692620786;-29.9999999999999;7.41181056914641;-1374.65925826289;-29.9999999999999;8.26351924350224;-1374.84807753012;-29.9999999999999;9.12844359269487;-1374.96194698092;-29.9999999999999;10.0000010201714;-1375
POLY_0_0_191;-29.9999999999999;34.0000010202805;-1375;-29.9622732593594;34.6717878769003;-1375;-29.8495674730908;35.3351266240184;-1375;-29.6632999818501;35.9816753920115;-1375;-29.4058132074144;36.6033034549858;-1375;-29.0803451953696;37.1921934793725;-1375;-28.6909888948081;37.7409398314329;-1375;-28.2426406871192;38.2426417073998;-1375;-27.7409388111523;38.6909899150887;-1375;-27.1921924590919;39.0803462156502;-1375;-26.6033024347052;39.405814227695;-1375;-25.9816743717309;39.6633010021307;-1375;-25.3351256037378;39.8495684933715;-1375;-24.6717868566197;39.96227427964;-1375;-23.9999999999999;40.0000010202805;-1375
POLY_0_0_206;-29.9999999999999;34.0000010202805;-2550;-29.9622732593594;34.6717878769003;-2550;-29.8495674730908;35.3351266240184;-2550;-29.6632999818501;35.9816753920115;-2550;-29.4058132074144;36.6033034549858;-2550;-29.0803451953696;37.1921934793725;-2550;-28.6909888948081;37.7409398314329;-2550;-28.2426406871192;38.2426417073998;-2550;-27.7409388111523;38.6909899150887;-2550;-27.1921924590919;39.0803462156502;-2550;-26.6033024347052;39.405814227695;-2550;-25.9816743717309;39.6633010021307;-2550;-25.3351256037378;39.8495684933714;-2550;-24.6717868566197;39.96227427964;-2550;-23.9999999999999;40.0000010202805;-2550
POLY_0_0_252;4.0000000000001;40.0000010202805;-2520;3.96107227496638;40.0000010202805;-2519.44330759616;3.84504678375337;40.0000010202805;-2518.89745057673;3.6541818305705;40.0000010202805;-2518.3730534277;3.3921923846258;40.0000010202805;-2517.88032294307;3.06417777247601;40.0000010202805;-2517.42884956125;2.67652242543553;40.0000010202805;-2517.02742069809;2.23677161388309;40.0000010202805;-2516.68384970978;1.75348458715641;40.0000010202805;-2516.4048238148;1.23606797749989;40.0000010202805;-2516.19577393482;0.69459271066782;40.0000010202805;-2516.06076898795;0.139597986810102;40.0000010202805;-2516.00243669192;-0.418113853070516;40.0000010202805;-2516.02191241853;-0.967687582398574;40.0000010202805;-2516.1188170949;-1.49842637366355;40.0000010202805;-2516.29126458173;-1.9999999999999;40.0000010202805;-2516.53589838486;-2.46264590130254;40.0000010202805;-2516.84795698557;-2.87735920135451;40.0000010202805;-2517.22136651816;-3.2360679774997;40.0000010202805;-2517.64885899083;-3.53179037143561;40.0000010202805;-2518.12211374886;-3.75877048314354;40.0000010202805;-2518.6319194267;-3.91259040293513;40.0000010202805;-2519.16835323673;-3.99025620103921;40.0000010202805;-2519.72097410502;-3.99025620103921;40.0000010202805;-2520.27902589498;-3.91259040293513;40.0000010202805;-2520.83164676327;-3.75877048314354;40.0000010202805;-2521.3680805733;-3.53179037143562;40.0000010202805;-2521.87788625114;-3.2360679774997;40.0000010202805;-2522.35114100917;-2.87735920135451;40.0000010202805;-2522.77863348184;-2.46264590130254;40.0000010202805;-2523.15204301443;-1.99999999999991;40.0000010202805;-2523.46410161514;-1.49842637366355;40.0000010202805;-2523.70873541827;-0.967687582398577;40.0000010202805;-2523.8811829051;-0.418113853070518;40.0000010202805;-2523.97808758147;0.139597986810101;40.0000010202805;-2523.99756330808;0.694592710667819;40.0000010202805;-2523.93923101205;1.23606797749989;40.0000010202805;-2523.80422606518;1.75348458715641;40.0000010202805;-2523.5951761852;2.23677161388309;40.0000010202805;-2523.31615029022;2.67652242543554;40.0000010202805;-2522.97257930191;3.06417777247602;40.0000010202805;-2522.57115043875;3.39219238462581;40.0000010202805;-2522.11967705693;3.65418183057051;40.0000010202805;-2521.6269465723;3.84504678375338;40.0000010202805;-2521.10254942327;3.96107227496639;40.0000010202805;-2520.55669240384;4.00000000000011;40.0000010202805;-2520
POLY_0_0_254;-23.9999999999999;40.0000010202805;-1375;24.0000000000001;40.0000010202805;-1375
POLY_0_0_256;-23.9999999999999;40.0000010202805;-2550;24.0000000000001;40.0000010202805;-2550
POLY_0_0_271;24.0000000000001;40.0000010202805;-1375;24.6717868566199;39.96227427964;-1375;25.335125603738;39.8495684933715;-1375;25.9816743717311;39.6633010021307;-1375;26.6033024347054;39.405814227695;-1375;27.1921924590921;39.0803462156502;-1375;27.7409388111525;38.6909899150887;-1375;28.2426406871194;38.2426417073998;-1375;28.6909888948083;37.7409398314329;-1375;29.0803451953698;37.1921934793725;-1375;29.4058132074146;36.6033034549859;-1375;29.6632999818503;35.9816753920115;-1375;29.849567473091;35.3351266240184;-1375;29.9622732593596;34.6717878769004;-1375;30.0000000000001;34.0000010202805;-1375
POLY_0_0_286;24.0000000000001;40.0000010202805;-2550;24.6717868566199;39.96227427964;-2550;25.335125603738;39.8495684933715;-2550;25.9816743717311;39.6633010021307;-2550;26.6033024347054;39.405814227695;-2550;27.1921924590921;39.0803462156502;-2550;27.7409388111525;38.6909899150887;-2550;28.2426406871194;38.2426417073998;-2550;28.6909888948083;37.7409398314329;-2550;29.0803451953698;37.1921934793725;-2550;29.4058132074146;36.6033034549859;-2550;29.6632999818503;35.9816753920115;-2550;29.849567473091;35.3351266240184;-2550;29.9622732593596;34.6717878769004;-2550;30.0000000000001;34.0000010202805;-2550
POLY_0_0_288;30.0000000000001;34.0000010202805;-1375;30.0000000000001;10.0000010201714;-1375
POLY_0_0_307;30.0000000000001;10.0000010201714;-1375;30.0000000000001;9.12844359269487;-1374.96194698092;30.0000000000001;8.26351924350223;-1374.84807753012;30.0000000000001;7.4118105691464;-1374.65925826289;30.0000000000001;6.579799586915;-1374.39692620786;30.0000000000001;5.77381840276476;-1374.06307787037;30.0000000000001;5.00000102017182;-1373.66025403784;30.0000000000001;4.26423665666142;-1373.19152044289;30.0000000000001;3.57212492330655;-1372.66044443119;30.0000000000001;2.92893320830651;-1372.07106781186;30.0000000000001;2.33955658898224;-1371.42787609686;30.0000000000001;1.80848057728214;-1370.73576436351;30.0000000000001;1.33974698232769;-1370;30.0000000000001;0.936923149805592;-1369.22618261741;30.0000000000001;0.603074812313011;-1368.42020143326;30.0000000000001;0.340742757281407;-1367.58819045102;30.0000000000001;0.151923490049994;-1366.73648177667;30.0000000000001;3.80540392545947E-02;-1365.87155742748;30.0000000000001;1.02017201686344E-06;-1365
POLY_0_0_309;30.0000000000001;1.02017208014615E-06;-1365;30.0000000000001;1.02017250647179E-06;-1325
POLY_0_0_328;30.0000000000001;1.02017250647179E-06;-1325;30.0000000000001;3.80540392549322E-02;-1324.12844257252;30.0000000000001;0.151923490050199;-1323.26351822333;30.0000000000001;0.3407427572815;-1322.41180954897;30.0000000000001;0.603074812313015;-1321.57979856674;30.0000000000001;0.936923149805525;-1320.77381738259;30.0000000000001;1.33974698232758;-1320;30.0000000000001;1.808480577282;-1319.26423563649;30.0000000000001;2.33955658898209;-1318.57212390313;30.0000000000001;2.92893320830637;-1317.92893218813;30.0000000000001;3.57212492330643;-1317.33955556881;30.0000000000001;4.26423665666135;-1316.80847955711;30.0000000000001;5.0000010201718;-1316.33974596215;30.0000000000001;5.7738184027648;-1315.93692212963;30.0000000000001;6.57979958691511;-1315.60307379214;30.0000000000001;7.41181056914659;-1315.34074173711;30.0000000000001;8.2635192435025;-1315.15192246988;30.0000000000001;9.12844359269522;-1315.03805301908;30.0000000000001;10.0000010201718;-1315
POLY_0_0_330;30.0000000000001;10.0000010201718;-1315;30.0000000000001;34.0000010202805;-1315
POLY_0_0_332;30.0000000000001;34.0000010202805;1315.0000000001;30.0000000000001;10.0000010201827;1315.0000000001
POLY_0_0_351;30.0000000000001;10.0000010201827;1315.0000000001;30.0000000000001;9.12844359270615;1315.03805301918;30.0000000000001;8.26351924351341;1315.15192246998;30.0000000000001;7.41181056915748;1315.34074173721;30.0000000000001;6.57979958692596;1315.60307379224;30.0000000000001;5.77381840277561;1315.93692212974;30.0000000000001;5.00000102018256;1316.33974596226;30.0000000000001;4.26423665667205;1316.80847955721;30.0000000000001;3.57212492331707;1317.33955556891;30.0000000000001;2.92893320831695;1317.92893218824;30.0000000000001;2.33955658899262;1318.57212390324;30.0000000000001;1.80848057729246;1319.26423563659;30.0000000000001;1.33974698233799;1320.0000000001;30.0000000000001;0.93692314981588;1320.77381738269;30.0000000000001;0.60307481232332;1321.57979856684;30.0000000000001;0.340742757291761;1322.41180954908;30.0000000000001;0.15192349006042;1323.26351822343;30.0000000000001;3.80540392651185E-02;1324.12844257262;30.0000000000001;1.02018266501247E-06;1325.0000000001
POLY_0_0_353;30.0000000000001;1.02018288039574E-06;1325.0000000001;30.0000000000001;1.02018316461283E-06;1365.0000000001
POLY_0_0_372;30.0000000000001;1.02018316461283E-06;1365.0000000001;30.0000000000001;3.80540392658013E-02;1365.87155742758;30.0000000000001;0.151923490061253;1366.73648177677;30.0000000000001;0.340742757292714;1367.58819045113;30.0000000000001;0.603074812324359;1368.42020143336;30.0000000000001;0.936923149816976;1369.22618261751;30.0000000000001;1.33974698233911;1370.0000000001;30.0000000000001;1.80848057729358;1370.73576436361;30.0000000000001;2.33955658899371;1371.42787609697;30.0000000000001;2.92893320831799;1372.07106781197;30.0000000000001;3.57212492331804;1372.66044443129;30.0000000000001;4.26423665667294;1373.19152044299;30.0000000000001;5.00000102018335;1373.66025403795;30.0000000000001;5.7738184027763;1374.06307787047;30.0000000000001;6.57979958692655;1374.39692620796;30.0000000000001;7.41181056915797;1374.65925826299;30.0000000000001;8.26351924351382;1374.84807753022;30.0000000000001;9.12844359270649;1374.96194698102;30.0000000000001;10.000001020183;1375.0000000001
POLY_0_0_374;30.0000000000001;10.000001020183;1375.0000000001;30.0000000000001;34.0000010202805;1375.0000000001
POLY_0_0_376;30.0000000000001;34.0000010202805;2550;30.0000000000001;1.02028050896763E-06;2550
POLY_0_0_378;30.0000000000001;1.02028050896763E-06;2550;30.0000000000001;1.02031328275132E-06;2547
POLY_0_0_380;30.0000000000001;1.02031328275132E-06;2547;30.0000000000001;-33.999998979688;2547
POLY_0_0_382;30.0000000000001;-33.999998979688;2493;30.0000000000001;1.02031327831043E-06;2493
POLY_0_0_384;30.0000000000001;1.02031327831043E-06;2493;30.0000000000001;1.0203132383424E-06;2490
POLY_0_0_386;30.0000000000001;1.0203132383424E-06;2490;30.0000000000001;-33.9999989797195;2490
POLY_0_0_388;30.0000000000001;-33.9999989797195;-2490;30.0000000000001;1.0203132383424E-06;-2490
POLY_0_0_390;30.0000000000001;1.0203132383424E-06;-2490;30.0000000000001;1.02031327831043E-06;-2493
POLY_0_0_392;30.0000000000001;1.02031327831043E-06;-2493;30.0000000000001;-33.999998979688;-2493
POLY_0_0_394;30.0000000000001;-33.999998979688;-2547;30.0000000000001;1.02031328275132E-06;-2547
POLY_0_0_396;30.0000000000001;1.02031328275132E-06;-2547;30.0000000000001;1.02028050896763E-06;-2550
POLY_0_0_398;30.0000000000001;34.0000010202805;-2550;30.0000000000001;1.02028050896763E-06;-2550
POLY_0_0_413;30.0000000000001;34.0000010202805;1375.0000000001;29.9622732593596;34.6717878769004;1375.0000000001;29.849567473091;35.3351266240184;1375.0000000001;29.6632999818503;35.9816753920115;1375.0000000001;29.4058132074146;36.6033034549859;1375.0000000001;29.0803451953698;37.1921934793725;1375.0000000001;28.6909888948083;37.7409398314329;1375.0000000001;28.2426406871194;38.2426417073998;1375.0000000001;27.7409388111525;38.6909899150887;1375.0000000001;27.1921924590921;39.0803462156502;1375.0000000001;26.6033024347054;39.405814227695;1375.0000000001;25.9816743717311;39.6633010021307;1375.0000000001;25.335125603738;39.8495684933715;1375.0000000001;24.6717868566199;39.96227427964;1375.0000000001;24.0000000000001;40.0000010202805;1375.0000000001
POLY_0_0_428;24.0000000000001;40.0000010202805;2550;24.6717868566199;39.96227427964;2550;25.335125603738;39.8495684933715;2550;25.9816743717311;39.6633010021307;2550;26.6033024347054;39.405814227695;2550;27.1921924590921;39.0803462156502;2550;27.7409388111525;38.6909899150887;2550;28.2426406871194;38.2426417073998;2550;28.6909888948083;37.7409398314329;2550;29.0803451953698;37.1921934793725;2550;29.4058132074146;36.6033034549859;2550;29.6632999818503;35.9816753920115;2550;29.849567473091;35.3351266240184;2550;29.9622732593596;34.6717878769004;2550;30.0000000000001;34.0000010202805;2550
POLY_0_0_474;4.0000000000001;40.0000010202805;2520;3.96107227496638;40.0000010202805;2520.55669240384;3.84504678375337;40.0000010202805;2521.10254942327;3.6541818305705;40.0000010202805;2521.6269465723;3.3921923846258;40.0000010202805;2522.11967705693;3.06417777247601;40.0000010202805;2522.57115043875;2.67652242543553;40.0000010202805;2522.97257930191;2.23677161388309;40.0000010202805;2523.31615029022;1.75348458715641;40.0000010202805;2523.5951761852;1.23606797749989;40.0000010202805;2523.80422606518;0.69459271066782;40.0000010202805;2523.93923101205;0.139597986810102;40.0000010202805;2523.99756330808;-0.418113853070516;40.0000010202805;2523.97808758147;-0.967687582398574;40.0000010202805;2523.8811829051;-1.49842637366355;40.0000010202805;2523.70873541827;-1.9999999999999;40.0000010202805;2523.46410161514;-2.46264590130254;40.0000010202805;2523.15204301443;-2.87735920135451;40.0000010202805;2522.77863348184;-3.2360679774997;40.0000010202805;2522.35114100917;-3.53179037143561;40.0000010202805;2521.87788625114;-3.75877048314354;40.0000010202805;2521.3680805733;-3.91259040293513;40.0000010202805;2520.83164676327;-3.99025620103921;40.0000010202805;2520.27902589498;-3.99025620103921;40.0000010202805;2519.72097410502;-3.91259040293513;40.0000010202805;2519.16835323673;-3.75877048314354;40.0000010202805;2518.6319194267;-3.53179037143562;40.0000010202805;2518.12211374886;-3.2360679774997;40.0000010202805;2517.64885899083;-2.87735920135451;40.0000010202805;2517.22136651816;-2.46264590130254;40.0000010202805;2516.84795698557;-1.99999999999991;40.0000010202805;2516.53589838486;-1.49842637366355;40.0000010202805;2516.29126458173;-0.967687582398577;40.0000010202805;2516.1188170949;-0.418113853070518;40.0000010202805;2516.02191241853;0.139597986810101;40.0000010202805;2516.00243669192;0.694592710667819;40.0000010202805;2516.06076898795;1.23606797749989;40.0000010202805;2516.19577393482;1.75348458715641;40.0000010202805;2516.4048238148;2.23677161388309;40.0000010202805;2516.68384970978;2.67652242543554;40.0000010202805;2517.02742069809;3.06417777247602;40.0000010202805;2517.42884956125;3.39219238462581;40.0000010202805;2517.88032294307;3.65418183057051;40.0000010202805;2518.3730534277;3.84504678375338;40.0000010202805;2518.89745057673;3.96107227496639;40.0000010202805;2519.44330759616;4.00000000000011;40.0000010202805;2520
POLY_0_0_476;24.0000000000001;40.0000010202805;1375.0000000001;-23.9999999999999;40.0000010202805;1375.0000000001
POLY_0_0_478;-23.9999999999999;40.0000010202805;2550;24.0000000000001;40.0000010202805;2550
POLY_0_0_493;-23.9999999999999;40.0000010202805;1375.0000000001;-24.6717868566197;39.96227427964;1375.0000000001;-25.3351256037378;39.8495684933715;1375.0000000001;-25.9816743717309;39.6633010021307;1375.0000000001;-26.6033024347052;39.405814227695;1375.0000000001;-27.1921924590919;39.0803462156502;1375.0000000001;-27.7409388111523;38.6909899150887;1375.0000000001;-28.2426406871192;38.2426417073998;1375.0000000001;-28.6909888948081;37.7409398314329;1375.0000000001;-29.0803451953696;37.1921934793725;1375.0000000001;-29.4058132074144;36.6033034549858;1375.0000000001;-29.6632999818501;35.9816753920115;1375.0000000001;-29.8495674730908;35.3351266240184;1375.0000000001;-29.9622732593594;34.6717878769003;1375.0000000001;-29.9999999999999;34.0000010202805;1375.0000000001
POLY_0_0_508;-29.9999999999999;34.0000010202805;2550;-29.9622732593594;34.6717878769003;2550;-29.8495674730908;35.3351266240184;2550;-29.6632999818501;35.9816753920115;2550;-29.4058132074144;36.6033034549858;2550;-29.0803451953696;37.1921934793725;2550;-28.6909888948081;37.7409398314329;2550;-28.2426406871192;38.2426417073998;2550;-27.7409388111523;38.6909899150887;2550;-27.1921924590919;39.0803462156502;2550;-26.6033024347052;39.405814227695;2550;-25.9816743717309;39.6633010021307;2550;-25.3351256037378;39.8495684933714;2550;-24.6717868566197;39.96227427964;2550;-23.9999999999999;40.0000010202805;2550
POLY_0_0_525;-29.1961524227247;-36.9999989796881;-2496;-29.2047744113316;-36.9853916711776;-2495.70891501474;-29.2297321071857;-36.9417378800679;-2495.41572663818;-29.2696631053368;-36.869289807992;-2495.12565599687;-29.3232050008349;-36.7682996565827;-2494.84392421736;-29.3880071585554;-36.6396583515693;-2494.57527188915;-29.4601499325023;-36.4866977817132;-2494.32308068007;-29.5359372540536;-36.3133304841601;-2494.09053809151;-29.611673072774;-36.1234689949916;-2493.88083162925;-29.6863327499565;-35.9140643609267;-2493.69048659394;-29.7592879257368;-35.6813402868304;-2493.51632915463;-29.8272644391733;-35.4285729253727;-2493.36244963712;-29.8869878121279;-35.1590392650135;-2493.23293919707;-29.9353070215224;-34.8762809069309;-2493.13131329192;-29.9707481794169;-34.5852538156877;-2493.05848812638;-29.9925621984286;-34.2913593771312;-2493.01465369742;-29.9999999999999;-33.999998979688;-2493
POLY_0_0_542;-29.9999999999999;-33.999998979688;-2547;-29.9925621984286;-34.2913593771312;-2546.98534630258;-29.9707481794169;-34.5852538156877;-2546.94151187362;-29.9353070215224;-34.8762809069308;-2546.86868670807;-29.886987812128;-35.1590392650134;-2546.76706080292;-29.8272644391733;-35.4285729253726;-2546.63755036288;-29.7592879257369;-35.6813402868303;-2546.48367084536;-29.6863327499566;-35.9140643609266;-2546.30951340606;-29.611673072774;-36.1234689949915;-2546.11916837075;-29.5359372540536;-36.31333048416;-2545.90946190848;-29.4601499325024;-36.4866977817131;-2545.67691931992;-29.3880071585554;-36.6396583515692;-2545.42472811084;-29.323205000835;-36.7682996565826;-2545.15607578264;-29.2696631053369;-36.8692898079919;-2544.87434400313;-29.2297321071857;-36.9417378800678;-2544.58427336182;-29.2047744113317;-36.9853916711775;-2544.29108498525;-29.1961524227247;-36.999998979688;-2544
POLY_0_0_544;-29.1961524227247;-36.999998979688;-2544;-29.1961524227247;-36.9999989796881;-2496
POLY_0_0_559;-24.1095399487717;-39.9989989796881;2490;-24.7727671889849;-39.950026783993;2490;-25.4265007986431;-39.8279570673751;2490;-26.0627095033084;-39.6342894856271;2490;-26.6735773262104;-39.3714032915148;2490;-27.251599609399;-39.0425281050846;2490;-27.7896752102695;-38.6517042370062;2490;-28.2811937408058;-38.2037330523845;2490;-28.7201167777851;-37.7041179848367;2490;-29.1010520462578;-37.1589969254878;2490;-29.4193196649402;-36.5750668175038;2490;-29.671009639681;-35.9595013825362;2490;-29.8530298986781;-35.3198629898278;2490;-29.9631442793239;-34.6640097506904;2490;-29.9999999999999;-33.9999989797195;2490
POLY_0_0_574;-29.9999999999999;-33.9999989797195;-2490;-29.9631442793239;-34.6640097506904;-2490;-29.8530298986781;-35.3198629898278;-2490;-29.671009639681;-35.9595013825362;-2490;-29.4193196649402;-36.5750668175038;-2490;-29.1010520462578;-37.1589969254878;-2490;-28.7201167777851;-37.7041179848367;-2490;-28.2811937408058;-38.2037330523845;-2490;-27.7896752102695;-38.6517042370062;-2490;-27.251599609399;-39.0425281050846;-2490;-26.6735773262104;-39.3714032915148;-2490;-26.0627095033084;-39.6342894856271;-2490;-25.4265007986431;-39.8279570673751;-2490;-24.7727671889849;-39.950026783993;-2490;-24.1095399487717;-39.9989989796881;-2490
POLY_0_0_576;-24.109539948729;-39.9989989796889;-2490;-23.9999999999999;-39.9999989796886;-2490.001
POLY_0_0_578;-23.9999999999999;-39.9999989796886;2490.001;-24.109539948729;-39.9989989796889;2490
POLY_0_0_624;-3.9999999999999;-39.9999989797195;-1345;-3.96107227496618;-39.9999989797195;-1344.44330759616;-3.84504678375318;-39.9999989797195;-1343.89745057673;-3.65418183057031;-39.9999989797195;-1343.3730534277;-3.39219238462561;-39.9999989797195;-1342.88032294307;-3.06417777247582;-39.9999989797195;-1342.42884956126;-2.67652242543534;-39.9999989797195;-1342.02742069809;-2.23677161388289;-39.9999989797195;-1341.68384970978;-1.75348458715621;-39.9999989797195;-1341.40482381481;-1.23606797749969;-39.9999989797195;-1341.19577393482;-0.694592710667624;-39.9999989797195;-1341.06076898795;-0.139597986809906;-39.9999989797195;-1341.00243669193;0.418113853070712;-39.9999989797195;-1341.02191241853;0.967687582398769;-39.9999989797195;-1341.1188170949;1.49842637366375;-39.9999989797195;-1341.29126458173;2.0000000000001;-39.9999989797195;-1341.53589838486;2.46264590130273;-39.9999989797195;-1341.84795698557;2.87735920135471;-39.9999989797195;-1342.22136651817;3.23606797749989;-39.9999989797195;-1342.64885899083;3.53179037143581;-39.9999989797195;-1343.12211374886;3.75877048314374;-39.9999989797195;-1343.6319194267;3.91259040293533;-39.9999989797195;-1344.16835323673;3.9902562010394;-39.9999989797195;-1344.72097410503;3.9902562010394;-39.9999989797195;-1345.27902589498;3.91259040293533;-39.9999989797195;-1345.83164676327;3.75877048314374;-39.9999989797195;-1346.3680805733;3.53179037143581;-39.9999989797195;-1346.87788625115;3.23606797749989;-39.9999989797195;-1347.35114100917;2.87735920135471;-39.9999989797195;-1347.77863348184;2.46264590130274;-39.9999989797195;-1348.15204301443;2.0000000000001;-39.9999989797195;-1348.46410161514;1.49842637366375;-39.9999989797195;-1348.70873541827;0.967687582398772;-39.9999989797195;-1348.88118290511;0.418113853070714;-39.9999989797195;-1348.97808758147;-0.139597986809905;-39.9999989797195;-1348.99756330808;-0.694592710667624;-39.9999989797195;-1348.93923101205;-1.23606797749969;-39.9999989797195;-1348.80422606518;-1.75348458715622;-39.9999989797195;-1348.5951761852;-2.23677161388289;-39.9999989797195;-1348.31615029022;-2.67652242543534;-39.9999989797195;-1347.97257930191;-3.06417777247582;-39.9999989797195;-1347.57115043875;-3.39219238462561;-39.9999989797195;-1347.11967705693;-3.65418183057032;-39.9999989797195;-1346.6269465723;-3.84504678375319;-39.9999989797195;-1346.10254942327;-3.96107227496619;-39.9999989797195;-1345.55669240384;-3.99999999999991;-39.9999989797195;-1345
POLY_0_0_670;-3.9999999999999;-39.9999989797195;1345;-3.96107227496618;-39.9999989797195;1345.55669240384;-3.84504678375318;-39.9999989797195;1346.10254942327;-3.65418183057031;-39.9999989797195;1346.6269465723;-3.39219238462561;-39.9999989797195;1347.11967705693;-3.06417777247582;-39.9999989797195;1347.57115043875;-2.67652242543534;-39.9999989797195;1347.97257930191;-2.23677161388289;-39.9999989797195;1348.31615029022;-1.75348458715621;-39.9999989797195;1348.5951761852;-1.23606797749969;-39.9999989797195;1348.80422606518;-0.694592710667624;-39.9999989797195;1348.93923101205;-0.139597986809906;-39.9999989797195;1348.99756330808;0.418113853070712;-39.9999989797195;1348.97808758147;0.967687582398769;-39.9999989797195;1348.88118290511;1.49842637366375;-39.9999989797195;1348.70873541827;2.0000000000001;-39.9999989797195;1348.46410161514;2.46264590130273;-39.9999989797195;1348.15204301443;2.87735920135471;-39.9999989797195;1347.77863348184;3.23606797749989;-39.9999989797195;1347.35114100917;3.53179037143581;-39.9999989797195;1346.87788625115;3.75877048314374;-39.9999989797195;1346.3680805733;3.91259040293533;-39.9999989797195;1345.83164676327;3.9902562010394;-39.9999989797195;1345.27902589498;3.9902562010394;-39.9999989797195;1344.72097410503;3.91259040293533;-39.9999989797195;1344.16835323673;3.75877048314374;-39.9999989797195;1343.6319194267;3.53179037143581;-39.9999989797195;1343.12211374886;3.23606797749989;-39.9999989797195;1342.64885899083;2.87735920135471;-39.9999989797195;1342.22136651817;2.46264590130274;-39.9999989797195;1341.84795698557;2.0000000000001;-39.9999989797195;1341.53589838486;1.49842637366375;-39.9999989797195;1341.29126458173;0.967687582398772;-39.9999989797195;1341.1188170949;0.418113853070714;-39.9999989797195;1341.02191241853;-0.139597986809905;-39.9999989797195;1341.00243669193;-0.694592710667624;-39.9999989797195;1341.06076898795;-1.23606797749969;-39.9999989797195;1341.19577393482;-1.75348458715622;-39.9999989797195;1341.40482381481;-2.23677161388289;-39.9999989797195;1341.68384970978;-2.67652242543534;-39.9999989797195;1342.02742069809;-3.06417777247582;-39.9999989797195;1342.42884956126;-3.39219238462561;-39.9999989797195;1342.88032294307;-3.65418183057032;-39.9999989797195;1343.3730534277;-3.84504678375319;-39.9999989797195;1343.89745057673;-3.96107227496619;-39.9999989797195;1344.44330759616;-3.99999999999991;-39.9999989797195;1345
POLY_0_0_672;24.0000000000001;-39.9999989796886;2490.001;-23.9999999999999;-39.9999989796886;2490.001
POLY_0_0_674;24.0000000000001;-39.9999989796886;-2490.001;-23.9999999999999;-39.9999989797195;-2490.001
POLY_0_0_689;30.0000000000001;-33.9999989797195;2490;29.9631442793241;-34.6640097506905;2490;29.8530298986783;-35.319862989828;2490;29.6710096396811;-35.9595013825364;2490;29.4193196649402;-36.5750668175042;2490;29.1010520462577;-37.1589969254882;2490;28.7201167777849;-37.7041179848371;2490;28.2811937408055;-38.203733052385;2490;27.789675210269;-38.6517042370067;2490;27.2515996093984;-39.0425281050851;2490;26.6735773262097;-39.3714032915152;2490;26.0627095033075;-39.6342894856275;2490;25.4265007986421;-39.8279570673754;2490;24.7727671889838;-39.9500267839932;2490;24.1095399487705;-39.9989989796881;2490
POLY_0_0_691;24.1095399487277;-39.9989989796889;2490;24.0000000000001;-39.9999989796886;2490.001
POLY_0_0_693;24.0000000000001;-39.9999989796886;-2490.001;24.1095399487277;-39.9989989796889;-2490
POLY_0_0_708;24.1095399487705;-39.9989989796881;-2490;24.7727671889838;-39.9500267839932;-2490;25.4265007986421;-39.8279570673754;-2490;26.0627095033075;-39.6342894856275;-2490;26.6735773262097;-39.3714032915152;-2490;27.2515996093984;-39.0425281050851;-2490;27.789675210269;-38.6517042370067;-2490;28.2811937408055;-38.203733052385;-2490;28.7201167777849;-37.7041179848372;-2490;29.1010520462577;-37.1589969254882;-2490;29.4193196649402;-36.5750668175042;-2490;29.6710096396811;-35.9595013825364;-2490;29.8530298986783;-35.319862989828;-2490;29.9631442793241;-34.6640097506905;-2490;30.0000000000001;-33.9999989797195;-2490
POLY_0_0_725;29.1961524227248;-36.9999989796881;2496;29.2047744113318;-36.9853916711776;2495.70891501474;29.2297321071858;-36.941737880068;2495.41572663818;29.2696631053369;-36.8692898079921;2495.12565599687;29.323205000835;-36.7682996565828;2494.84392421736;29.3880071585555;-36.6396583515695;2494.57527188915;29.4601499325024;-36.4866977817134;2494.32308068007;29.5359372540537;-36.3133304841602;2494.09053809151;29.6116730727741;-36.1234689949917;2493.88083162925;29.6863327499567;-35.9140643609268;2493.69048659394;29.759287925737;-35.6813402868306;2493.51632915463;29.8272644391735;-35.4285729253729;2493.36244963712;29.8869878121281;-35.1590392650137;2493.23293919707;29.9353070215225;-34.8762809069311;2493.13131329192;29.9707481794171;-34.5852538156878;2493.05848812638;29.9925621984288;-34.2913593771312;2493.01465369742;30.0000000000001;-33.999998979688;2493
POLY_0_0_742;30.0000000000001;-33.999998979688;2547;29.9925621984288;-34.2913593771312;2546.98534630258;29.9707481794171;-34.5852538156877;2546.94151187362;29.9353070215226;-34.8762809069308;2546.86868670807;29.8869878121282;-35.1590392650134;2546.76706080292;29.8272644391735;-35.4285729253726;2546.63755036288;29.759287925737;-35.6813402868304;2546.48367084536;29.6863327499567;-35.9140643609267;2546.30951340606;29.6116730727741;-36.1234689949916;2546.11916837075;29.5359372540537;-36.3133304841602;2545.90946190848;29.4601499325025;-36.4866977817133;2545.67691931992;29.3880071585555;-36.6396583515694;2545.42472811084;29.3232050008351;-36.7682996565827;2545.15607578264;29.269663105337;-36.869289807992;2544.87434400313;29.2297321071859;-36.9417378800679;2544.58427336182;29.2047744113318;-36.9853916711775;2544.29108498525;29.1961524227249;-36.999998979688;2544
POLY_0_0_744;29.1961524227249;-36.999998979688;2544;29.1961524227248;-36.9999989796881;2496
POLY_0_0_761;30.0000000000001;-33.999998979688;-2493;29.9925621984288;-34.2913593771312;-2493.01465369742;29.9707481794171;-34.5852538156877;-2493.05848812638;29.9353070215225;-34.8762809069309;-2493.13131329192;29.8869878121281;-35.1590392650135;-2493.23293919707;29.8272644391735;-35.4285729253727;-2493.36244963712;29.759287925737;-35.6813402868304;-2493.51632915463;29.6863327499567;-35.9140643609267;-2493.69048659394;29.6116730727741;-36.1234689949916;-2493.88083162925;29.5359372540537;-36.3133304841601;-2494.09053809151;29.4601499325025;-36.4866977817132;-2494.32308068007;29.3880071585556;-36.6396583515693;-2494.57527188915;29.3232050008351;-36.7682996565827;-2494.84392421736;29.269663105337;-36.869289807992;-2495.12565599687;29.2297321071858;-36.9417378800679;-2495.41572663818;29.2047744113318;-36.9853916711776;-2495.70891501474;29.1961524227248;-36.9999989796881;-2496
POLY_0_0_763;29.1961524227248;-36.9999989796881;-2496;29.1961524227249;-36.999998979688;-2544
POLY_0_0_780;29.1961524227249;-36.999998979688;-2544;29.2047744113319;-36.9853916711775;-2544.29108498525;29.2297321071859;-36.9417378800678;-2544.58427336182;29.269663105337;-36.8692898079919;-2544.87434400313;29.3232050008352;-36.7682996565826;-2545.15607578264;29.3880071585556;-36.6396583515692;-2545.42472811084;29.4601499325026;-36.4866977817131;-2545.67691931992;29.5359372540538;-36.31333048416;-2545.90946190848;29.6116730727742;-36.1234689949915;-2546.11916837075;29.6863327499568;-35.9140643609266;-2546.30951340606;29.7592879257371;-35.6813402868303;-2546.48367084536;29.8272644391735;-35.4285729253726;-2546.63755036288;29.8869878121282;-35.1590392650134;-2546.76706080292;29.9353070215226;-34.8762809069308;-2546.86868670807;29.9707481794171;-34.5852538156877;-2546.94151187362;29.9925621984288;-34.2913593771312;-2546.98534630258;30.0000000000001;-33.999998979688;-2547
POLY_0_0_797;-29.9999999999999;-33.999998979688;2493;-29.9925621984286;-34.2913593771312;2493.01465369742;-29.9707481794169;-34.5852538156878;2493.05848812638;-29.9353070215223;-34.8762809069311;2493.13131329192;-29.8869878121279;-35.1590392650137;2493.23293919707;-29.8272644391733;-35.4285729253729;2493.36244963712;-29.7592879257368;-35.6813402868306;2493.51632915463;-29.6863327499565;-35.9140643609268;2493.69048659393;-29.6116730727739;-36.1234689949917;2493.88083162925;-29.5359372540536;-36.3133304841601;2494.09053809151;-29.4601499325024;-36.486697781713;2494.32308068007;-29.3880071585556;-36.639658351569;2494.57527188915;-29.3232050008351;-36.7682996565824;2494.84392421736;-29.2696631053369;-36.8692898079919;2495.12565599686;-29.2297321071857;-36.9417378800679;2495.41572663818;-29.2047744113316;-36.9853916711776;2495.70891501474;-29.1961524227247;-36.9999989796881;2496
POLY_0_0_799;-29.1961524227247;-36.9999989796881;2496;-29.1961524227247;-36.999998979688;2544
POLY_0_0_816;-29.1961524227247;-36.999998979688;2544;-29.2047744113317;-36.9853916711775;2544.29108498525;-29.2297321071857;-36.9417378800678;2544.58427336181;-29.2696631053368;-36.869289807992;2544.87434400313;-29.3232050008349;-36.7682996565827;2545.15607578264;-29.3880071585554;-36.6396583515694;2545.42472811084;-29.4601499325023;-36.4866977817133;2545.67691931992;-29.5359372540536;-36.3133304841602;2545.90946190848;-29.611673072774;-36.1234689949916;2546.11916837075;-29.6863327499565;-35.9140643609267;2546.30951340606;-29.7592879257368;-35.6813402868305;2546.48367084536;-29.8272644391733;-35.4285729253728;2546.63755036288;-29.8869878121279;-35.1590392650136;2546.76706080292;-29.9353070215223;-34.876280906931;2546.86868670807;-29.9707481794169;-34.5852538156878;2546.94151187362;-29.9925621984286;-34.2913593771312;2546.98534630258;-29.9999999999999;-33.999998979688;2547
